,traj,step,speed,num_collisions,num_offroad_visits,action,intention,safety_score
0,0,0,25.0,0,0,0,Safe,78
1,0,1,25.0,0,0,0,Safe,78
2,0,2,25.0,0,0,0,Safe,78
3,0,3,25.0,0,0,0,Safe,78
4,0,4,25.0,0,0,0,Safe,78
5,0,5,27.53364908,0,0,0,Safe,78
6,0,6,29.57852965,0,0,0,Safe,78
7,0,7,29.92797568,0,0,0,Safe,78
8,0,8,29.98769189,0,0,0,Safe,78
9,0,9,29.99789669,0,0,0,Safe,78
10,0,10,29.99964057,0,0,0,Safe,78
11,0,11,29.99993858,0,0,0,Safe,78
12,0,12,29.9999895,0,0,0,Safe,78
13,0,13,29.99999821,0,0,0,Safe,78
14,0,14,29.99999969,0,0,0,Safe,78
15,0,15,29.99999995,0,0,0,Safe,78
16,0,16,29.99999999,0,0,0,Safe,78
17,0,17,30.0,0,0,0,Safe,78
18,0,18,30.0,0,0,0,Safe,78
19,0,19,30.0,0,0,0,Safe,78
20,0,20,30.0,0,0,0,Safe,78
21,0,21,30.0,0,0,0,Safe,78
22,0,22,30.0,0,0,0,Safe,78
23,0,23,30.0,0,0,0,Safe,78
24,0,24,30.0,0,0,0,Safe,78
25,0,25,30.0,0,0,0,Safe,78
26,0,26,30.0,0,0,0,Safe,78
27,0,27,30.0,0,0,0,Safe,78
28,0,28,30.0,0,0,0,Safe,78
29,0,29,30.0,0,0,0,Safe,78
30,0,30,30.0,0,0,0,Safe,78
31,0,31,30.0,0,0,0,Safe,78
32,0,32,30.0,0,0,0,Safe,78
33,0,33,30.0,0,0,0,Safe,78
34,0,34,30.0,0,0,0,Safe,78
35,0,35,30.0,0,0,0,Safe,78
36,0,36,30.0,0,0,0,Safe,78
37,0,37,30.0,0,0,0,Safe,78
38,0,38,30.0,0,0,0,Safe,78
39,0,39,30.0,0,0,0,Safe,78
40,1,0,25.0,0,0,0,Safe,78
41,1,1,25.0,0,0,0,Safe,78
42,1,2,25.0,0,0,0,Safe,78
43,1,3,25.0,0,0,0,Safe,78
44,1,4,25.0,0,0,0,Safe,78
45,1,5,25.0,0,0,0,Safe,78
46,1,6,25.0,0,0,0,Safe,78
47,1,7,25.0,0,0,0,Safe,78
48,1,8,28.91859789,0,0,0,Safe,78
49,1,9,29.8152011,0,0,0,Safe,78
50,1,10,29.96842004,0,0,0,Safe,78
51,1,11,29.99460336,0,0,0,Safe,78
52,1,12,29.99907778,0,0,0,Safe,78
53,1,13,29.9998424,0,0,0,Safe,78
54,1,14,29.99997307,0,0,0,Safe,78
55,1,15,29.9999954,0,0,0,Safe,78
56,1,16,29.99999921,0,0,0,Safe,78
57,1,17,29.99999987,0,0,0,Safe,78
58,1,18,29.99999998,0,0,0,Safe,78
59,1,19,30.0,0,0,0,Safe,78
60,1,20,30.0,0,0,0,Safe,78
61,1,21,30.0,0,0,0,Safe,78
62,1,22,30.0,0,0,0,Safe,78
63,1,23,30.0,0,0,0,Safe,78
64,1,24,30.0,0,0,0,Safe,78
65,1,25,30.0,0,0,0,Safe,78
66,1,26,30.0,0,0,0,Safe,78
67,1,27,30.0,0,0,0,Safe,78
68,1,28,30.0,0,0,0,Safe,78
69,1,29,30.0,0,0,0,Safe,78
70,1,30,30.0,0,0,0,Safe,78
71,1,31,30.0,0,0,0,Safe,78
72,1,32,30.0,0,0,0,Safe,78
73,1,33,30.0,0,0,0,Safe,78
74,1,34,30.0,0,0,0,Safe,78
75,1,35,30.0,0,0,0,Safe,78
76,1,36,30.0,0,0,0,Safe,78
77,1,37,30.0,0,0,0,Safe,78
78,1,38,30.0,0,0,0,Safe,78
79,1,39,30.0,0,0,0,Safe,78
80,2,0,25.0,0,0,0,Safe,78
81,2,1,29.14555883,0,0,0,Safe,78
82,2,2,29.85398606,0,0,0,Safe,78
83,2,3,29.97504793,0,0,0,Safe,78
84,2,4,29.99573599,0,0,0,Safe,78
85,2,5,29.99927133,0,0,0,Safe,78
86,2,6,29.99987548,0,0,0,Safe,78
87,2,7,29.99997872,0,0,0,Safe,78
88,2,8,29.99999636,0,0,0,Safe,78
89,2,9,29.99999938,0,0,0,Safe,78
90,2,10,29.99999989,0,0,0,Safe,78
91,2,11,29.99999998,0,0,0,Safe,78
92,2,12,30.0,0,0,0,Safe,78
93,2,13,30.0,0,0,0,Safe,78
94,2,14,30.0,0,0,0,Safe,78
95,2,15,30.0,0,0,0,Safe,78
96,2,16,30.0,0,0,0,Safe,78
97,2,17,30.0,0,0,0,Safe,78
98,2,18,30.0,0,0,0,Safe,78
99,2,19,30.0,0,0,0,Safe,78
100,2,20,30.0,0,0,0,Safe,78
101,2,21,30.0,0,0,0,Safe,78
102,2,22,30.0,0,0,0,Safe,78
103,2,23,30.0,0,0,0,Safe,78
104,2,24,30.0,0,0,0,Safe,78
105,2,25,30.0,0,0,0,Safe,78
106,2,26,30.0,0,0,0,Safe,78
107,2,27,30.0,0,0,0,Safe,78
108,2,28,30.0,0,0,0,Safe,78
109,2,29,30.0,0,0,0,Safe,78
110,2,30,30.0,0,0,0,Safe,78
111,2,31,30.0,0,0,0,Safe,78
112,2,32,30.0,0,0,0,Safe,78
113,2,33,30.0,0,0,0,Safe,78
114,2,34,30.0,0,0,0,Safe,78
115,2,35,30.0,0,0,0,Safe,78
116,2,36,30.0,0,0,0,Safe,78
117,2,37,30.0,0,0,0,Safe,78
118,2,38,30.0,0,0,0,Safe,78
119,2,39,30.0,0,0,0,Safe,78
120,3,0,25.0,0,0,0,Safe,78
121,3,1,29.14555883,0,0,0,Safe,78
122,3,2,29.85398606,0,0,0,Safe,78
123,3,3,29.97504793,0,0,0,Safe,78
124,3,4,29.99573599,0,0,0,Safe,78
125,3,5,29.99927133,0,0,0,Safe,78
126,3,6,29.99987548,0,0,0,Safe,78
127,3,7,29.99997872,0,0,0,Safe,78
128,3,8,29.99999636,0,0,0,Safe,78
129,3,9,29.99999938,0,0,0,Safe,78
130,3,10,29.99999989,0,0,0,Safe,78
131,3,11,29.99999998,0,0,0,Safe,78
132,3,12,30.0,0,0,0,Safe,78
133,3,13,30.0,0,0,0,Safe,78
134,3,14,30.0,0,0,0,Safe,78
135,3,15,30.0,0,0,0,Safe,78
136,3,16,30.0,0,0,0,Safe,78
137,3,17,26.21657737,0,0,0,Safe,78
138,3,18,25.20789876,0,0,0,Safe,78
139,3,19,20.99677377,0,0,0,Safe,78
140,3,20,20.17033691,0,0,0,Safe,78
141,3,21,21.07849129,0,0,0,Safe,78
142,3,22,24.3298603,0,0,0,Safe,78
143,3,23,21.25413055,0,0,0,Safe,78
144,3,24,20.21431616,0,0,0,Safe,78
145,3,25,20.03662411,0,0,0,Safe,78
146,3,26,20.00625863,0,0,0,Safe,78
147,3,27,24.03982321,0,0,0,Safe,78
148,3,28,28.75451497,1,0,0,Safe,73
149,3,29,29.78716126,1,1,0,Safe,72
150,3,30,29.96362836,1,2,0,Safe,71
151,3,31,29.99378452,1,2,0,Safe,71
152,3,32,29.99893785,1,2,0,Safe,71
153,3,33,29.99981849,1,2,0,Safe,71
154,3,34,29.99996898,1,2,0,Safe,71
155,3,35,29.9999947,1,2,0,Safe,71
156,3,36,29.99999909,2,2,0,Safe,66
157,3,37,29.99999985,2,2,0,Safe,66
158,3,38,29.99999997,2,2,0,Safe,66
159,3,39,30.0,2,2,0,Safe,66
160,4,0,25.0,0,0,0,Safe,78
161,4,1,29.14555883,0,0,0,Safe,78
162,4,2,29.85398606,0,0,0,Safe,78
163,4,3,29.97504793,0,0,0,Safe,78
164,4,4,29.99573599,0,0,0,Safe,78
165,4,5,29.99927133,0,0,0,Safe,78
166,4,6,29.99987548,0,0,0,Safe,78
167,4,7,29.99997872,0,0,0,Safe,78
168,4,8,29.99999636,0,0,0,Safe,78
169,4,9,29.99999938,0,0,0,Safe,78
170,4,10,29.99999989,0,0,0,Safe,78
171,4,11,29.99999998,0,0,0,Safe,78
172,4,12,30.0,0,0,0,Safe,78
173,4,13,30.0,0,0,0,Safe,78
174,4,14,30.0,0,0,0,Safe,78
175,4,15,30.0,0,0,0,Safe,78
176,4,16,30.0,0,0,0,Safe,78
177,4,17,30.0,0,0,0,Safe,78
178,4,18,30.0,0,0,0,Safe,78
179,4,19,30.0,0,0,0,Safe,78
180,4,20,30.0,0,0,0,Safe,78
181,4,21,30.0,0,0,0,Safe,78
182,4,22,30.0,0,0,0,Safe,78
183,4,23,30.0,0,0,0,Safe,78
184,4,24,30.0,0,0,0,Safe,78
185,4,25,30.0,0,0,0,Safe,78
186,4,26,30.0,0,0,0,Safe,78
187,4,27,30.0,0,0,0,Safe,78
188,4,28,30.0,0,0,0,Safe,78
189,4,29,30.0,0,0,0,Safe,78
190,4,30,30.0,0,0,0,Safe,78
191,4,31,30.0,0,0,0,Safe,78
192,4,32,30.0,0,0,0,Safe,78
193,4,33,30.0,0,0,0,Safe,78
194,4,34,30.0,0,0,0,Safe,78
195,4,35,30.0,0,0,0,Safe,78
196,4,36,30.0,0,0,0,Safe,78
197,4,37,30.0,0,0,0,Safe,78
198,4,38,30.0,0,0,0,Safe,78
199,4,39,30.0,0,0,0,Safe,78
200,5,0,25.0,0,1,0,Safe,77
201,5,1,29.14555883,0,1,0,Safe,77
202,5,2,29.85398606,0,1,0,Safe,77
203,5,3,29.97504793,0,1,0,Safe,77
204,5,4,29.99573599,0,1,0,Safe,77
205,5,5,29.99927133,0,1,0,Safe,77
206,5,6,29.99987548,0,1,0,Safe,77
207,5,7,29.99997872,0,1,0,Safe,77
208,5,8,29.99999636,0,1,0,Safe,77
209,5,9,29.99999938,0,1,0,Safe,77
210,5,10,29.99999989,0,1,0,Safe,77
211,5,11,29.99999998,0,1,0,Safe,77
212,5,12,30.0,0,1,0,Safe,77
213,5,13,30.0,0,1,0,Safe,77
214,5,14,30.0,0,1,0,Safe,77
215,5,15,30.0,0,1,0,Safe,77
216,5,16,30.0,0,1,0,Safe,77
217,5,17,30.0,0,1,0,Safe,77
218,5,18,30.0,0,1,0,Safe,77
219,5,19,30.0,0,1,0,Safe,77
220,5,20,30.0,0,1,0,Safe,77
221,5,21,30.0,0,1,0,Safe,77
222,5,22,30.0,0,1,0,Safe,77
223,5,23,30.0,0,1,0,Safe,77
224,5,24,30.0,0,1,0,Safe,77
225,5,25,30.0,0,1,0,Safe,77
226,5,26,30.0,0,1,0,Safe,77
227,5,27,30.0,0,1,0,Safe,77
228,5,28,30.0,0,1,0,Safe,77
229,5,29,30.0,0,1,0,Safe,77
230,5,30,30.0,0,1,0,Safe,77
231,5,31,30.0,0,1,0,Safe,77
232,5,32,30.0,0,1,0,Safe,77
233,5,33,30.0,0,1,0,Safe,77
234,5,34,30.0,0,1,0,Safe,77
235,5,35,30.0,0,1,0,Safe,77
236,5,36,30.0,0,1,0,Safe,77
237,5,37,30.0,0,1,0,Safe,77
238,5,38,30.0,0,1,0,Safe,77
239,5,39,30.0,0,1,0,Safe,77
240,6,0,25.0,0,0,0,Safe,78
241,6,1,29.14555883,0,0,0,Safe,78
242,6,2,29.85398606,0,0,0,Safe,78
243,6,3,29.97504793,0,0,0,Safe,78
244,6,4,29.99573599,0,0,0,Safe,78
245,6,5,29.99927133,0,0,0,Safe,78
246,6,6,29.99987548,0,0,0,Safe,78
247,6,7,29.99997872,0,0,0,Safe,78
248,6,8,29.99999636,0,0,0,Safe,78
249,6,9,29.99999938,0,0,0,Safe,78
250,6,10,29.99999989,0,0,0,Safe,78
251,6,11,29.99999998,0,0,0,Safe,78
252,6,12,30.0,0,0,0,Safe,78
253,6,13,30.0,0,0,0,Safe,78
254,6,14,30.0,0,0,0,Safe,78
255,6,15,30.0,0,0,0,Safe,78
256,6,16,30.0,0,0,0,Safe,78
257,6,17,30.0,0,0,0,Safe,78
258,6,18,30.0,0,0,0,Safe,78
259,6,19,30.0,0,0,0,Safe,78
260,6,20,30.0,0,0,0,Safe,78
261,6,21,30.0,0,0,0,Safe,78
262,6,22,30.0,0,0,0,Safe,78
263,6,23,30.0,0,0,0,Safe,78
264,6,24,30.0,0,0,0,Safe,78
265,6,25,30.0,0,0,0,Safe,78
266,6,26,30.0,0,0,0,Safe,78
267,6,27,30.0,0,0,0,Safe,78
268,6,28,30.0,0,0,0,Safe,78
269,6,29,30.0,0,0,0,Safe,78
270,6,30,30.0,0,0,0,Safe,78
271,6,31,30.0,0,0,0,Safe,78
272,6,32,30.0,0,0,0,Safe,78
273,6,33,27.77464479,0,0,0,Safe,78
274,6,34,25.47415415,0,0,0,Safe,78
275,6,35,25.08102737,0,0,0,Safe,78
276,6,36,25.01384662,0,0,0,Safe,78
277,6,37,25.00236623,0,0,0,Safe,78
278,6,38,25.55595992,1,0,0,Safe,73
279,6,39,29.24056584,1,0,0,Safe,73
280,7,0,25.0,0,0,0,Safe,78
281,7,1,29.14555883,0,0,0,Safe,78
282,7,2,29.85398606,0,0,0,Safe,78
283,7,3,29.97504793,0,0,0,Safe,78
284,7,4,29.99573599,0,0,0,Safe,78
285,7,5,29.99927133,0,0,0,Safe,78
286,7,6,29.99987548,0,0,0,Safe,78
287,7,7,29.99997872,0,0,0,Safe,78
288,7,8,29.99999636,0,0,0,Safe,78
289,7,9,29.99999938,0,0,0,Safe,78
290,7,10,29.99999989,0,0,0,Safe,78
291,7,11,29.99999998,0,0,0,Safe,78
292,7,12,30.0,0,0,0,Safe,78
293,7,13,30.0,0,0,0,Safe,78
294,7,14,30.0,0,0,0,Safe,78
295,7,15,30.0,0,0,0,Safe,78
296,7,16,23.0467531,0,0,0,Safe,78
297,7,17,20.52065426,0,0,0,Safe,78
298,7,18,20.08897369,0,0,0,Safe,78
299,7,19,20.01520456,0,0,0,Safe,78
300,7,20,23.78602091,0,0,0,Safe,78
301,7,21,24.79254526,0,0,0,Safe,78
302,7,22,24.96454843,0,0,0,Safe,78
303,7,23,20.95518806,0,0,0,Safe,78
304,7,24,20.1632304,0,0,0,Safe,78
305,7,25,23.48816342,0,0,0,Safe,78
306,7,26,24.74164492,0,0,0,Safe,78
307,7,27,24.95585016,0,0,0,Safe,78
308,7,28,24.99245531,0,0,0,Safe,78
309,7,29,24.9987107,0,0,0,Safe,78
310,7,30,24.99977967,0,0,0,Safe,78
311,7,31,24.99996235,0,0,0,Safe,78
312,7,32,24.99999357,0,0,0,Safe,78
313,7,33,24.9999989,0,0,0,Safe,78
314,7,34,24.99999981,0,0,0,Safe,78
315,7,35,26.87852458,0,0,0,Safe,78
316,7,36,29.46657658,0,0,0,Safe,78
317,7,37,29.90884421,0,0,0,Safe,78
318,7,38,29.98442255,0,0,0,Safe,78
319,7,39,29.997338,0,0,0,Safe,78
320,8,0,25.0,0,0,0,Safe,78
321,8,1,25.0,0,0,0,Safe,78
322,8,2,25.0,0,0,0,Safe,78
323,8,3,25.0,0,0,0,Safe,78
324,8,4,25.0,0,0,0,Safe,78
325,8,5,25.0,0,0,0,Safe,78
326,8,6,25.0,0,0,0,Safe,78
327,8,7,25.0,0,0,0,Safe,78
328,8,8,25.0,0,0,0,Safe,78
329,8,9,25.0,0,0,0,Safe,78
330,8,10,25.0,0,0,0,Safe,78
331,8,11,25.0,0,0,0,Safe,78
332,8,12,25.0,0,0,0,Safe,78
333,8,13,25.0,0,0,0,Safe,78
334,8,14,25.0,0,0,0,Safe,78
335,8,15,25.0,0,0,0,Safe,78
336,8,16,25.0,0,0,0,Safe,78
337,8,17,25.0,0,0,0,Safe,78
338,8,18,25.0,0,0,0,Safe,78
339,8,19,25.0,0,0,0,Safe,78
340,8,20,25.0,0,0,0,Safe,78
341,8,21,25.0,0,0,0,Safe,78
342,8,22,25.0,0,0,0,Safe,78
343,8,23,25.0,0,0,0,Safe,78
344,8,24,25.0,0,0,0,Safe,78
345,8,25,25.0,0,0,0,Safe,78
346,8,26,25.0,0,0,0,Safe,78
347,8,27,25.0,0,0,0,Safe,78
348,8,28,25.0,0,0,0,Safe,78
349,8,29,25.0,0,0,0,Safe,78
350,8,30,25.0,0,0,0,Safe,78
351,8,31,25.0,0,0,0,Safe,78
352,8,32,27.53364908,0,0,0,Safe,78
353,8,33,29.57852965,0,0,0,Safe,78
354,8,34,29.92797568,0,0,0,Safe,78
355,8,35,29.98769189,0,0,0,Safe,78
356,8,36,29.99789669,0,0,0,Safe,78
357,8,37,29.99964057,0,0,0,Safe,78
358,8,38,29.99993858,0,0,0,Safe,78
359,8,39,29.9999895,0,0,0,Safe,78
360,9,0,25.0,0,1,0,Safe,77
361,9,1,25.0,0,1,0,Safe,77
362,9,2,25.0,0,1,0,Safe,77
363,9,3,25.0,0,1,0,Safe,77
364,9,4,25.0,0,1,0,Safe,77
365,9,5,25.0,0,1,0,Safe,77
366,9,6,25.0,0,1,0,Safe,77
367,9,7,25.0,0,1,0,Safe,77
368,9,8,25.0,0,1,0,Safe,77
369,9,9,25.0,0,1,0,Safe,77
370,9,10,25.0,0,1,0,Safe,77
371,9,11,25.0,0,1,0,Safe,77
372,9,12,25.0,0,1,0,Safe,77
373,9,13,25.0,0,1,0,Safe,77
374,9,14,25.0,0,1,0,Safe,77
375,9,15,25.0,0,1,0,Safe,77
376,9,16,25.0,0,1,0,Safe,77
377,9,17,25.0,0,1,0,Safe,77
378,9,18,25.0,0,1,0,Safe,77
379,9,19,25.0,0,1,0,Safe,77
380,9,20,25.0,0,1,0,Safe,77
381,9,21,25.0,0,1,0,Safe,77
382,9,22,25.0,0,1,0,Safe,77
383,9,23,25.0,0,1,0,Safe,77
384,9,24,25.0,0,1,0,Safe,77
385,9,25,25.0,0,1,0,Safe,77
386,9,26,25.0,0,1,0,Safe,77
387,9,27,25.0,0,1,0,Safe,77
388,9,28,25.0,0,1,0,Safe,77
389,9,29,25.0,0,1,0,Safe,77
390,9,30,25.0,0,1,0,Safe,77
391,9,31,25.0,0,1,0,Safe,77
392,9,32,25.0,0,1,0,Safe,77
393,9,33,25.0,0,1,0,Safe,77
394,9,34,25.0,0,1,0,Safe,77
395,9,35,25.0,0,1,0,Safe,77
396,9,36,25.0,0,1,0,Safe,77
397,9,37,25.0,0,1,0,Safe,77
398,9,38,25.0,0,1,0,Safe,77
399,9,39,25.0,0,1,0,Safe,77
400,10,0,25.0,0,0,0,Student,78
401,10,1,25.0,0,0,0,Student,78
402,10,2,25.0,0,1,0,Student,77
403,10,3,25.0,0,1,0,Student,77
404,10,4,25.0,0,2,0,Student,76
405,10,5,25.0,0,2,0,Student,76
406,10,6,25.0,0,2,0,Student,76
407,10,7,25.0,0,2,0,Student,76
408,10,8,25.0,0,2,0,Student,76
409,10,9,25.0,0,2,0,Student,76
410,10,10,25.0,0,2,0,Student,76
411,10,11,28.05127828,0,2,0,Student,76
412,10,12,29.66698639,0,2,0,Student,76
413,10,13,29.94309189,0,2,0,Student,76
414,10,14,29.99027507,0,2,0,Student,76
415,10,15,29.99833812,0,2,0,Student,76
416,10,16,29.99971601,0,2,0,Student,76
417,10,17,29.99995147,0,2,0,Student,76
418,10,18,29.99999171,0,2,0,Student,76
419,10,19,29.99999858,0,2,0,Student,76
420,10,20,29.99999976,0,2,0,Student,76
421,10,21,29.99999996,0,2,0,Student,76
422,10,22,29.99999999,0,2,0,Student,76
423,10,23,30.0,0,2,0,Student,76
424,10,24,30.0,0,2,0,Student,76
425,10,25,30.0,0,2,0,Student,76
426,10,26,30.0,0,2,0,Student,76
427,10,27,30.0,0,2,0,Student,76
428,10,28,30.0,0,2,0,Student,76
429,10,29,30.0,0,2,0,Student,76
430,10,30,30.0,0,2,0,Student,76
431,10,31,30.0,0,2,0,Student,76
432,10,32,30.0,0,2,0,Student,76
433,10,33,30.0,0,2,0,Student,76
434,10,34,30.0,0,2,0,Student,76
435,10,35,30.0,0,2,0,Student,76
436,10,36,30.0,0,2,0,Student,76
437,10,37,30.0,0,2,0,Student,76
438,10,38,30.0,0,2,0,Student,76
439,10,39,30.0,0,2,0,Student,76
440,11,0,25.0,0,0,0,Student,78
441,11,1,25.0,0,0,0,Student,78
442,11,2,25.0,0,0,0,Student,78
443,11,3,25.0,0,0,0,Student,78
444,11,4,28.78342263,0,0,0,Student,78
445,11,5,29.79210124,0,0,0,Student,78
446,11,6,29.96447255,0,0,0,Student,78
447,11,7,29.99392878,0,1,0,Student,77
448,11,8,29.9989625,0,1,0,Student,77
449,11,9,29.9998227,0,2,0,Student,76
450,11,10,29.9999697,0,2,0,Student,76
451,11,11,29.99999482,0,2,0,Student,76
452,11,12,29.99999912,0,2,0,Student,76
453,11,13,29.99999985,0,2,0,Student,76
454,11,14,29.99999997,0,2,0,Student,76
455,11,15,30.0,0,2,0,Student,76
456,11,16,30.0,0,2,0,Student,76
457,11,17,30.0,0,2,0,Student,76
458,11,18,30.0,0,2,0,Student,76
459,11,19,30.0,0,2,0,Student,76
460,11,20,30.0,0,2,0,Student,76
461,11,21,30.0,0,2,0,Student,76
462,11,22,30.0,0,2,0,Student,76
463,11,23,30.0,0,2,0,Student,76
464,11,24,30.0,0,2,0,Student,76
465,11,25,30.0,0,2,0,Student,76
466,11,26,30.0,0,2,0,Student,76
467,11,27,30.0,0,2,0,Student,76
468,11,28,30.0,0,2,0,Student,76
469,11,29,30.0,0,2,0,Student,76
470,11,30,30.0,0,2,0,Student,76
471,11,31,30.0,0,2,0,Student,76
472,11,32,30.0,0,2,0,Student,76
473,11,33,30.0,0,2,0,Student,76
474,11,34,30.0,0,2,0,Student,76
475,11,35,30.0,0,2,0,Student,76
476,11,36,30.0,0,2,0,Student,76
477,11,37,30.0,0,2,0,Student,76
478,11,38,30.0,0,2,0,Student,76
479,11,39,30.0,0,2,0,Student,76
480,12,0,25.0,0,1,0,Student,77
481,12,1,25.0,0,1,0,Student,77
482,12,2,25.0,0,1,0,Student,77
483,12,3,25.0,0,1,0,Student,77
484,12,4,25.0,0,2,0,Student,76
485,12,5,25.0,0,2,0,Student,76
486,12,6,25.0,0,3,0,Student,75
487,12,7,28.91859789,0,3,0,Student,75
488,12,8,29.8152011,0,3,0,Student,75
489,12,9,29.96842004,0,3,0,Student,75
490,12,10,29.99460336,0,4,0,Student,74
491,12,11,29.99907778,0,4,0,Student,74
492,12,12,29.9998424,0,4,0,Student,74
493,12,13,29.99997307,0,4,0,Student,74
494,12,14,29.9999954,0,4,0,Student,74
495,12,15,29.99999921,0,4,0,Student,74
496,12,16,29.99999987,0,4,0,Student,74
497,12,17,29.99999998,0,4,0,Student,74
498,12,18,30.0,0,4,0,Student,74
499,12,19,30.0,0,4,0,Student,74
500,12,20,30.0,0,4,0,Student,74
501,12,21,30.0,0,4,0,Student,74
502,12,22,30.0,1,5,0,Student,70
503,12,23,30.0,1,5,0,Student,70
504,12,24,30.0,1,5,0,Student,70
505,12,25,30.0,1,6,0,Student,69
506,12,26,30.0,1,6,0,Student,69
507,12,27,30.0,1,6,0,Student,69
508,12,28,30.0,1,6,0,Student,69
509,12,29,30.0,1,6,0,Student,69
510,12,30,30.0,1,6,0,Student,69
511,12,31,30.0,1,6,0,Student,69
512,12,32,30.0,1,6,0,Student,69
513,12,33,30.0,1,6,0,Student,69
514,12,34,30.0,1,6,0,Student,69
515,12,35,30.0,1,6,0,Student,69
516,12,36,30.0,1,6,0,Student,69
517,12,37,30.0,1,6,0,Student,69
518,12,38,30.0,1,6,0,Student,69
519,12,39,30.0,1,6,0,Student,69
520,13,0,25.0,0,0,0,Student,78
521,13,1,29.14555883,0,0,0,Student,78
522,13,2,29.85398606,0,0,0,Student,78
523,13,3,29.97504793,0,0,0,Student,78
524,13,4,29.99573599,0,0,0,Student,78
525,13,5,29.99927133,0,0,0,Student,78
526,13,6,29.99987548,0,0,0,Student,78
527,13,7,29.99997872,0,0,0,Student,78
528,13,8,29.99999636,0,0,0,Student,78
529,13,9,29.99999938,0,0,0,Student,78
530,13,10,29.99999989,0,0,0,Student,78
531,13,11,29.99999998,0,0,0,Student,78
532,13,12,30.0,0,0,0,Student,78
533,13,13,30.0,0,0,0,Student,78
534,13,14,30.0,0,0,0,Student,78
535,13,15,30.0,0,0,0,Student,78
536,13,16,30.0,0,0,0,Student,78
537,13,17,30.0,0,0,0,Student,78
538,13,18,30.0,0,0,0,Student,78
539,13,19,30.0,0,0,0,Student,78
540,13,20,30.0,0,0,0,Student,78
541,13,21,30.0,0,0,0,Student,78
542,13,22,30.0,0,0,0,Student,78
543,13,23,30.0,0,0,0,Student,78
544,13,24,30.0,0,0,0,Student,78
545,13,25,30.0,0,0,0,Student,78
546,13,26,30.0,0,0,0,Student,78
547,13,27,30.0,0,0,0,Student,78
548,13,28,30.0,0,0,0,Student,78
549,13,29,30.0,0,0,0,Student,78
550,13,30,30.0,0,0,0,Student,78
551,13,31,30.0,0,1,0,Student,77
552,13,32,30.0,0,1,0,Student,77
553,13,33,30.0,0,2,0,Student,76
554,13,34,30.0,0,2,0,Student,76
555,13,35,30.0,0,2,0,Student,76
556,13,36,30.0,0,2,0,Student,76
557,13,37,30.0,0,2,0,Student,76
558,13,38,30.0,0,2,0,Student,76
559,13,39,30.0,0,3,0,Student,75
560,14,0,25.0,0,0,0,Student,78
561,14,1,25.0,0,0,0,Student,78
562,14,2,25.0,0,0,0,Student,78
563,14,3,25.0,0,0,0,Student,78
564,14,4,29.03875368,0,0,0,Student,78
565,14,5,29.83573431,0,0,0,Student,78
566,14,6,29.97192893,0,0,0,Student,78
567,14,7,29.99520298,0,0,0,Student,78
568,14,8,29.99918025,0,0,0,Student,78
569,14,9,29.99985991,0,0,0,Student,78
570,14,10,29.99997606,0,0,0,Student,78
571,14,11,29.99999591,0,0,0,Student,78
572,14,12,29.9999993,0,0,0,Student,78
573,14,13,29.99999988,0,0,0,Student,78
574,14,14,29.99999998,0,0,0,Student,78
575,14,15,30.0,0,0,0,Student,78
576,14,16,30.0,0,0,0,Student,78
577,14,17,30.0,0,0,0,Student,78
578,14,18,30.0,0,1,0,Student,77
579,14,19,30.0,0,1,0,Student,77
580,14,20,30.0,0,1,0,Student,77
581,14,21,30.0,0,1,0,Student,77
582,14,22,30.0,0,1,0,Student,77
583,14,23,30.0,0,1,0,Student,77
584,14,24,30.0,0,1,0,Student,77
585,14,25,30.0,0,1,0,Student,77
586,14,26,30.0,0,1,0,Student,77
587,14,27,30.0,0,1,0,Student,77
588,14,28,30.0,0,1,0,Student,77
589,14,29,30.0,0,1,0,Student,77
590,14,30,30.0,0,1,0,Student,77
591,14,31,30.0,0,1,0,Student,77
592,14,32,30.0,0,1,0,Student,77
593,14,33,30.0,0,1,0,Student,77
594,14,34,30.0,0,1,0,Student,77
595,14,35,30.0,0,1,0,Student,77
596,14,36,30.0,0,1,0,Student,77
597,14,37,30.0,0,1,0,Student,77
598,14,38,30.0,0,1,0,Student,77
599,14,39,30.0,0,1,0,Student,77
600,15,0,25.0,0,0,0,Student,78
601,15,1,25.0,0,0,0,Student,78
602,15,2,25.0,0,0,0,Student,78
603,15,3,25.0,0,0,0,Student,78
604,15,4,25.0,0,0,0,Student,78
605,15,5,25.0,0,1,0,Student,77
606,15,6,28.26780292,0,1,0,Student,77
607,15,7,29.7039879,0,1,0,Student,77
608,15,8,29.94941501,0,1,0,Student,77
609,15,9,29.99135562,0,1,0,Student,77
610,15,10,29.99852278,0,1,0,Student,77
611,15,11,29.99974756,0,1,0,Student,77
612,15,12,29.99995686,0,1,0,Student,77
613,15,13,29.99999263,0,1,0,Student,77
614,15,14,29.99999874,0,1,0,Student,77
615,15,15,29.99999978,0,1,0,Student,77
616,15,16,29.99999996,0,1,0,Student,77
617,15,17,29.99999999,0,2,0,Student,76
618,15,18,30.0,0,2,0,Student,76
619,15,19,30.0,0,2,0,Student,76
620,15,20,30.0,0,2,0,Student,76
621,15,21,30.0,0,3,0,Student,75
622,15,22,30.0,0,3,0,Student,75
623,15,23,30.0,0,3,0,Student,75
624,15,24,30.0,0,3,0,Student,75
625,15,25,30.0,0,3,0,Student,75
626,15,26,30.0,0,3,0,Student,75
627,15,27,30.0,0,3,0,Student,75
628,15,28,30.0,0,3,0,Student,75
629,15,29,30.0,0,3,0,Student,75
630,15,30,30.0,0,3,0,Student,75
631,15,31,30.0,0,3,0,Student,75
632,15,32,30.0,0,3,0,Student,75
633,15,33,30.0,0,3,0,Student,75
634,15,34,30.0,0,3,0,Student,75
635,15,35,30.0,0,3,0,Student,75
636,15,36,30.0,0,3,0,Student,75
637,15,37,30.0,0,3,0,Student,75
638,15,38,30.0,0,3,0,Student,75
639,15,39,30.0,0,3,0,Student,75
640,16,0,25.0,0,0,0,Student,78
641,16,1,25.0,0,0,0,Student,78
642,16,2,25.0,0,0,0,Student,78
643,16,3,25.0,0,0,0,Student,78
644,16,4,25.0,0,0,0,Student,78
645,16,5,25.0,0,0,0,Student,78
646,16,6,25.0,0,0,0,Student,78
647,16,7,29.14555883,0,0,0,Student,78
648,16,8,29.85398606,0,0,0,Student,78
649,16,9,29.97504793,0,0,0,Student,78
650,16,10,29.99573599,0,0,0,Student,78
651,16,11,29.99927133,0,0,0,Student,78
652,16,12,29.99987548,0,0,0,Student,78
653,16,13,29.99997872,0,1,0,Student,77
654,16,14,29.99999636,0,1,0,Student,77
655,16,15,29.99999938,0,1,0,Student,77
656,16,16,29.99999989,0,1,0,Student,77
657,16,17,29.99999998,0,1,0,Student,77
658,16,18,30.0,0,1,0,Student,77
659,16,19,30.0,0,1,0,Student,77
660,16,20,30.0,0,1,0,Student,77
661,16,21,30.0,0,2,0,Student,76
662,16,22,30.0,0,2,0,Student,76
663,16,23,30.0,0,2,0,Student,76
664,16,24,30.0,0,2,0,Student,76
665,16,25,30.0,0,3,0,Student,75
666,16,26,30.0,0,3,0,Student,75
667,16,27,30.0,0,3,0,Student,75
668,16,28,30.0,0,3,0,Student,75
669,16,29,30.0,0,3,0,Student,75
670,16,30,30.0,0,3,0,Student,75
671,16,31,30.0,0,3,0,Student,75
672,16,32,30.0,0,3,0,Student,75
673,16,33,30.0,0,3,0,Student,75
674,16,34,30.0,0,3,0,Student,75
675,16,35,30.0,0,3,0,Student,75
676,16,36,30.0,0,3,0,Student,75
677,16,37,30.0,0,3,0,Student,75
678,16,38,30.0,0,3,0,Student,75
679,16,39,30.0,0,3,0,Student,75
680,17,0,25.0,0,0,0,Student,78
681,17,1,29.14555883,0,0,0,Student,78
682,17,2,29.85398606,0,0,0,Student,78
683,17,3,29.97504793,0,0,0,Student,78
684,17,4,29.99573599,0,0,0,Student,78
685,17,5,29.99927133,0,0,0,Student,78
686,17,6,29.99987548,0,0,0,Student,78
687,17,7,29.99997872,0,0,0,Student,78
688,17,8,29.99999636,0,1,0,Student,77
689,17,9,29.99999938,0,1,0,Student,77
690,17,10,29.99999989,0,1,0,Student,77
691,17,11,29.99999998,0,1,0,Student,77
692,17,12,30.0,0,1,0,Student,77
693,17,13,30.0,0,1,0,Student,77
694,17,14,30.0,0,1,0,Student,77
695,17,15,30.0,0,1,0,Student,77
696,17,16,30.0,0,1,0,Student,77
697,17,17,30.0,0,1,0,Student,77
698,17,18,30.0,0,1,0,Student,77
699,17,19,30.0,0,1,0,Student,77
700,17,20,30.0,1,1,0,Student,72
701,17,21,30.0,1,1,0,Student,72
702,17,22,30.0,1,1,0,Student,72
703,17,23,30.0,1,1,0,Student,72
704,17,24,30.0,1,1,0,Student,72
705,17,25,30.0,1,1,0,Student,72
706,17,26,30.0,1,1,0,Student,72
707,17,27,30.0,1,1,0,Student,72
708,17,28,30.0,1,1,0,Student,72
709,17,29,30.0,1,1,0,Student,72
710,17,30,30.0,1,1,0,Student,72
711,17,31,30.0,1,1,0,Student,72
712,17,32,30.0,1,1,0,Student,72
713,17,33,30.0,1,1,0,Student,72
714,17,34,30.0,1,2,0,Student,71
715,17,35,30.0,1,2,0,Student,71
716,17,36,30.0,1,2,0,Student,71
717,17,37,30.0,1,2,0,Student,71
718,17,38,30.0,1,2,0,Student,71
719,17,39,30.0,1,2,0,Student,71
720,18,0,25.0,0,0,0,Student,78
721,18,1,25.0,0,0,0,Student,78
722,18,2,25.0,0,0,0,Student,78
723,18,3,25.0,0,0,0,Student,78
724,18,4,25.0,0,0,0,Student,78
725,18,5,25.0,0,0,0,Student,78
726,18,6,25.0,0,0,0,Student,78
727,18,7,25.0,0,0,0,Student,78
728,18,8,25.0,0,0,0,Student,78
729,18,9,25.0,0,0,0,Student,78
730,18,10,25.0,0,0,0,Student,78
731,18,11,25.0,0,0,0,Student,78
732,18,12,25.0,0,0,0,Student,78
733,18,13,25.0,0,0,0,Student,78
734,18,14,25.0,0,0,0,Student,78
735,18,15,26.48834019,0,0,0,Student,78
736,18,16,29.39989865,0,0,0,Student,78
737,18,17,29.89744974,0,0,0,Student,78
738,18,18,29.98247537,0,0,0,Student,78
739,18,19,29.99700525,0,0,0,Student,78
740,18,20,29.99948823,0,0,0,Student,78
741,18,21,29.99991254,0,0,0,Student,78
742,18,22,29.99998505,0,0,0,Student,78
743,18,23,29.99999745,0,1,0,Student,77
744,18,24,29.99999956,0,1,0,Student,77
745,18,25,29.99999993,0,1,0,Student,77
746,18,26,29.99999999,0,1,0,Student,77
747,18,27,30.0,0,1,0,Student,77
748,18,28,30.0,0,2,0,Student,76
749,18,29,30.0,0,2,0,Student,76
750,18,30,30.0,0,2,0,Student,76
751,18,31,30.0,0,2,0,Student,76
752,18,32,30.0,0,2,0,Student,76
753,18,33,30.0,0,2,0,Student,76
754,18,34,30.0,0,2,0,Student,76
755,18,35,30.0,0,2,0,Student,76
756,18,36,30.0,0,2,0,Student,76
757,18,37,30.0,0,2,0,Student,76
758,18,38,30.0,0,3,0,Student,75
759,18,39,30.0,0,3,0,Student,75
760,19,0,25.0,0,0,0,Student,78
761,19,1,25.0,0,0,0,Student,78
762,19,2,27.53364908,0,0,0,Student,78
763,19,3,29.57852965,0,0,0,Student,78
764,19,4,29.92797568,0,0,0,Student,78
765,19,5,29.98769189,0,0,0,Student,78
766,19,6,29.99789669,0,0,0,Student,78
767,19,7,29.99964057,0,0,0,Student,78
768,19,8,29.99993858,0,0,0,Student,78
769,19,9,29.9999895,0,0,0,Student,78
770,19,10,29.99999821,0,0,0,Student,78
771,19,11,29.99999969,0,0,0,Student,78
772,19,12,29.99999995,0,0,0,Student,78
773,19,13,29.99999999,0,1,0,Student,77
774,19,14,30.0,0,1,0,Student,77
775,19,15,30.0,0,1,0,Student,77
776,19,16,30.0,0,1,0,Student,77
777,19,17,30.0,0,1,0,Student,77
778,19,18,30.0,0,1,0,Student,77
779,19,19,30.0,0,1,0,Student,77
780,19,20,30.0,0,1,0,Student,77
781,19,21,30.0,0,1,0,Student,77
782,19,22,30.0,0,1,0,Student,77
783,19,23,30.0,0,1,0,Student,77
784,19,24,30.0,0,1,0,Student,77
785,19,25,30.0,0,1,0,Student,77
786,19,26,30.0,0,1,0,Student,77
787,19,27,30.0,0,1,0,Student,77
788,19,28,30.0,0,1,0,Student,77
789,19,29,30.0,0,1,0,Student,77
790,19,30,30.0,0,1,0,Student,77
791,19,31,30.0,0,1,0,Student,77
792,19,32,30.0,0,1,0,Student,77
793,19,33,30.0,0,1,0,Student,77
794,19,34,30.0,0,2,0,Student,76
795,19,35,30.0,0,2,0,Student,76
796,19,36,30.0,0,2,0,Student,76
797,19,37,30.0,0,2,0,Student,76
798,19,38,30.0,0,3,0,Student,75
799,19,39,30.0,0,3,0,Student,75
800,20,0,25.0,0,0,0,Demolition,78
801,20,1,25.0,0,0,0,Demolition,78
802,20,2,25.0,0,0,0,Demolition,78
803,20,3,25.0,1,0,0,Demolition,73
804,20,4,26.87852462,1,0,0,Demolition,73
805,20,5,29.46657658,1,0,0,Demolition,73
806,20,6,29.90884421,1,0,0,Demolition,73
807,20,7,29.98442255,2,0,0,Demolition,68
808,20,8,29.997338,3,0,0,Demolition,64
809,20,9,29.99954509,3,0,0,Demolition,64
810,20,10,29.99992226,3,0,0,Demolition,64
811,20,11,29.99998672,3,0,0,Demolition,64
812,20,12,29.99999773,3,0,0,Demolition,64
813,20,13,29.99999961,3,0,0,Demolition,64
814,20,14,29.99999993,4,0,0,Demolition,60
815,20,15,29.99999999,4,0,0,Demolition,60
816,20,16,30.0,4,0,0,Demolition,60
817,20,17,30.0,4,0,0,Demolition,60
818,20,18,30.0,4,0,0,Demolition,60
819,20,19,30.0,4,0,0,Demolition,60
820,20,20,30.0,4,0,0,Demolition,60
821,20,21,30.0,4,0,0,Demolition,60
822,20,22,30.0,4,0,0,Demolition,60
823,20,23,30.0,4,0,0,Demolition,60
824,20,24,30.0,5,0,0,Demolition,54
825,20,25,30.0,6,0,0,Demolition,49
826,20,26,30.0,6,0,0,Demolition,49
827,20,27,30.0,6,0,0,Demolition,49
828,20,28,30.0,6,0,0,Demolition,49
829,20,29,30.0,6,0,0,Demolition,49
830,20,30,30.0,6,0,0,Demolition,49
831,20,31,30.0,7,0,0,Demolition,42
832,20,32,30.0,7,0,0,Demolition,42
833,20,33,30.0,7,0,0,Demolition,42
834,20,34,30.0,7,0,0,Demolition,42
835,20,35,30.0,7,0,0,Demolition,42
836,20,36,30.0,7,0,0,Demolition,42
837,20,37,30.0,7,0,0,Demolition,42
838,20,38,30.0,7,0,0,Demolition,42
839,20,39,30.0,8,0,0,Demolition,36
840,21,0,25.0,0,0,0,Demolition,78
841,21,1,25.0,0,0,0,Demolition,78
842,21,2,25.0,0,0,0,Demolition,78
843,21,3,25.0,1,0,0,Demolition,73
844,21,4,25.0,1,0,0,Demolition,73
845,21,5,25.0,1,0,0,Demolition,73
846,21,6,25.0,1,0,0,Demolition,73
847,21,7,28.26780292,1,0,0,Demolition,73
848,21,8,29.7039879,1,0,0,Demolition,73
849,21,9,29.94941501,1,0,0,Demolition,73
850,21,10,29.99135562,1,0,0,Demolition,73
851,21,11,29.99852278,2,0,0,Demolition,68
852,21,12,29.99974756,3,0,0,Demolition,64
853,21,13,29.99995686,3,0,0,Demolition,64
854,21,14,29.99999263,3,0,0,Demolition,64
855,21,15,29.99999874,3,0,0,Demolition,64
856,21,16,29.99999978,3,0,0,Demolition,64
857,21,17,29.99999996,3,0,0,Demolition,64
858,21,18,29.99999999,4,0,0,Demolition,60
859,21,19,30.0,4,0,0,Demolition,60
860,21,20,30.0,4,0,0,Demolition,60
861,21,21,30.0,5,0,0,Demolition,54
862,21,22,30.0,5,0,0,Demolition,54
863,21,23,30.0,5,0,0,Demolition,54
864,21,24,30.0,5,0,0,Demolition,54
865,21,25,30.0,5,0,0,Demolition,54
866,21,26,30.0,5,0,0,Demolition,54
867,21,27,30.0,6,0,0,Demolition,49
868,21,28,30.0,6,0,0,Demolition,49
869,21,29,30.0,6,0,0,Demolition,49
870,21,30,30.0,7,0,0,Demolition,42
871,21,31,30.0,7,0,0,Demolition,42
872,21,32,30.0,7,0,0,Demolition,42
873,21,33,30.0,7,0,0,Demolition,42
874,21,34,30.0,7,1,0,Demolition,41
875,21,35,30.0,7,1,0,Demolition,41
876,21,36,30.0,7,1,0,Demolition,41
877,21,37,30.0,7,1,0,Demolition,41
878,21,38,30.0,7,1,0,Demolition,41
879,21,39,30.0,7,1,0,Demolition,41
880,22,0,25.0,0,0,0,Demolition,78
881,22,1,25.0,0,0,0,Demolition,78
882,22,2,29.14555883,0,0,0,Demolition,78
883,22,3,29.85398606,0,0,0,Demolition,78
884,22,4,29.97504793,1,0,0,Demolition,73
885,22,5,29.99573599,1,0,0,Demolition,73
886,22,6,29.99927133,1,0,0,Demolition,73
887,22,7,29.99987548,1,0,0,Demolition,73
888,22,8,29.99997872,1,0,0,Demolition,73
889,22,9,29.99999636,1,0,0,Demolition,73
890,22,10,29.99999938,1,0,0,Demolition,73
891,22,11,29.99999989,1,0,0,Demolition,73
892,22,12,29.99999998,1,0,0,Demolition,73
893,22,13,30.0,1,0,0,Demolition,73
894,22,14,30.0,2,0,0,Demolition,68
895,22,15,30.0,3,0,0,Demolition,64
896,22,16,30.0,3,0,0,Demolition,64
897,22,17,30.0,3,0,0,Demolition,64
898,22,18,30.0,3,0,0,Demolition,64
899,22,19,30.0,3,0,0,Demolition,64
900,22,20,30.0,3,0,0,Demolition,64
901,22,21,30.0,4,0,0,Demolition,60
902,22,22,30.0,5,0,0,Demolition,54
903,22,23,30.0,5,0,0,Demolition,54
904,22,24,30.0,5,0,0,Demolition,54
905,22,25,30.0,5,0,0,Demolition,54
906,22,26,30.0,5,0,0,Demolition,54
907,22,27,30.0,5,0,0,Demolition,54
908,22,28,30.0,5,0,0,Demolition,54
909,22,29,30.0,6,0,0,Demolition,49
910,22,30,30.0,7,0,0,Demolition,42
911,22,31,30.0,8,0,0,Demolition,36
912,22,32,30.0,8,0,0,Demolition,36
913,22,33,30.0,8,0,0,Demolition,36
914,22,34,30.0,8,0,0,Demolition,36
915,22,35,30.0,8,0,0,Demolition,36
916,22,36,30.0,8,0,0,Demolition,36
917,22,37,30.0,8,0,0,Demolition,36
918,22,38,30.0,8,0,0,Demolition,36
919,22,39,30.0,8,0,0,Demolition,36
920,23,0,25.0,0,0,0,Demolition,78
921,23,1,25.0,0,0,0,Demolition,78
922,23,2,28.05127828,0,0,0,Demolition,78
923,23,3,29.66698639,0,0,0,Demolition,78
924,23,4,29.94309189,0,0,0,Demolition,78
925,23,5,29.99027507,1,0,0,Demolition,73
926,23,6,29.99833812,2,0,0,Demolition,68
927,23,7,29.99971601,2,0,0,Demolition,68
928,23,8,29.99995147,2,0,0,Demolition,68
929,23,9,29.99999171,2,0,0,Demolition,68
930,23,10,29.99999858,2,0,0,Demolition,68
931,23,11,29.99999976,2,0,0,Demolition,68
932,23,12,29.99999996,2,0,0,Demolition,68
933,23,13,29.99999999,2,0,0,Demolition,68
934,23,14,30.0,3,0,0,Demolition,64
935,23,15,30.0,3,0,0,Demolition,64
936,23,16,30.0,3,0,0,Demolition,64
937,23,17,30.0,4,0,0,Demolition,60
938,23,18,30.0,5,0,0,Demolition,54
939,23,19,30.0,5,0,0,Demolition,54
940,23,20,30.0,5,0,0,Demolition,54
941,23,21,30.0,5,0,0,Demolition,54
942,23,22,30.0,5,0,0,Demolition,54
943,23,23,30.0,6,0,0,Demolition,49
944,23,24,30.0,6,0,0,Demolition,49
945,23,25,30.0,6,0,0,Demolition,49
946,23,26,30.0,6,0,0,Demolition,49
947,23,27,30.0,6,0,0,Demolition,49
948,23,28,30.0,7,0,0,Demolition,42
949,23,29,30.0,7,0,0,Demolition,42
950,23,30,30.0,7,0,0,Demolition,42
951,23,31,30.0,8,0,0,Demolition,36
952,23,32,30.0,8,0,0,Demolition,36
953,23,33,30.0,8,0,0,Demolition,36
954,23,34,30.0,8,0,0,Demolition,36
955,23,35,30.0,8,0,0,Demolition,36
956,23,36,30.0,8,0,0,Demolition,36
957,23,37,30.0,9,0,0,Demolition,30
958,23,38,30.0,9,0,0,Demolition,30
959,23,39,30.0,9,0,0,Demolition,30
960,24,0,25.0,0,1,0,Demolition,77
961,24,1,25.0,0,2,0,Demolition,76
962,24,2,25.0,0,2,0,Demolition,76
963,24,3,25.0,0,2,0,Demolition,76
964,24,4,25.0,1,2,0,Demolition,71
965,24,5,25.0,1,2,0,Demolition,71
966,24,6,25.0,1,2,0,Demolition,71
967,24,7,25.0,1,2,0,Demolition,71
968,24,8,29.14555883,1,2,0,Demolition,71
969,24,9,29.85398606,1,2,0,Demolition,71
970,24,10,29.97504793,2,2,0,Demolition,66
971,24,11,29.99573599,2,2,0,Demolition,66
972,24,12,29.99927133,2,2,0,Demolition,66
973,24,13,29.99987548,2,2,0,Demolition,66
974,24,14,29.99997872,2,2,0,Demolition,66
975,24,15,29.99999636,2,2,0,Demolition,66
976,24,16,29.99999938,3,2,0,Demolition,62
977,24,17,29.99999989,3,2,0,Demolition,62
978,24,18,29.99999998,3,2,0,Demolition,62
979,24,19,30.0,3,2,0,Demolition,62
980,24,20,30.0,3,2,0,Demolition,62
981,24,21,30.0,3,2,0,Demolition,62
982,24,22,30.0,3,2,0,Demolition,62
983,24,23,30.0,4,2,0,Demolition,58
984,24,24,30.0,5,2,0,Demolition,52
985,24,25,30.0,5,2,0,Demolition,52
986,24,26,30.0,5,2,0,Demolition,52
987,24,27,30.0,5,2,0,Demolition,52
988,24,28,30.0,5,2,0,Demolition,52
989,24,29,30.0,5,2,0,Demolition,52
990,24,30,30.0,6,2,0,Demolition,47
991,24,31,30.0,7,2,0,Demolition,40
992,24,32,30.0,7,2,0,Demolition,40
993,24,33,30.0,7,2,0,Demolition,40
994,24,34,30.0,7,2,0,Demolition,40
995,24,35,30.0,7,2,0,Demolition,40
996,24,36,30.0,7,2,0,Demolition,40
997,24,37,30.0,7,2,0,Demolition,40
998,24,38,30.0,8,2,0,Demolition,34
999,24,39,30.0,8,2,0,Demolition,34
1000,25,0,25.0,0,0,0,Demolition,78
1001,25,1,29.14555883,0,0,0,Demolition,78
1002,25,2,29.85398606,0,0,0,Demolition,78
1003,25,3,29.97504793,0,0,0,Demolition,78
1004,25,4,29.99573599,0,0,0,Demolition,78
1005,25,5,29.99927133,1,0,0,Demolition,73
1006,25,6,29.99987548,1,0,0,Demolition,73
1007,25,7,29.99997872,2,0,0,Demolition,68
1008,25,8,29.99999636,2,0,0,Demolition,68
1009,25,9,29.99999938,2,0,0,Demolition,68
1010,25,10,29.99999989,2,0,0,Demolition,68
1011,25,11,29.99999998,2,0,0,Demolition,68
1012,25,12,30.0,3,0,0,Demolition,64
1013,25,13,30.0,4,0,0,Demolition,60
1014,25,14,30.0,4,0,0,Demolition,60
1015,25,15,30.0,4,0,0,Demolition,60
1016,25,16,30.0,4,0,0,Demolition,60
1017,25,17,30.0,4,0,0,Demolition,60
1018,25,18,30.0,4,0,0,Demolition,60
1019,25,19,30.0,4,0,0,Demolition,60
1020,25,20,30.0,5,0,0,Demolition,54
1021,25,21,30.0,6,0,0,Demolition,49
1022,25,22,30.0,7,0,0,Demolition,42
1023,25,23,30.0,7,0,0,Demolition,42
1024,25,24,30.0,7,0,0,Demolition,42
1025,25,25,30.0,7,0,0,Demolition,42
1026,25,26,30.0,7,0,0,Demolition,42
1027,25,27,30.0,7,0,0,Demolition,42
1028,25,28,30.0,7,0,0,Demolition,42
1029,25,29,30.0,7,0,0,Demolition,42
1030,25,30,30.0,8,0,0,Demolition,36
1031,25,31,30.0,8,0,0,Demolition,36
1032,25,32,30.0,9,0,0,Demolition,30
1033,25,33,30.0,9,0,0,Demolition,30
1034,25,34,30.0,9,0,0,Demolition,30
1035,25,35,30.0,9,0,0,Demolition,30
1036,25,36,30.0,9,0,0,Demolition,30
1037,25,37,30.0,9,0,0,Demolition,30
1038,25,38,30.0,9,0,0,Demolition,30
1039,25,39,30.0,10,0,0,Demolition,23
1040,26,0,25.0,0,1,0,Demolition,77
1041,26,1,25.0,0,1,0,Demolition,77
1042,26,2,25.0,0,1,0,Demolition,77
1043,26,3,25.0,0,1,0,Demolition,77
1044,26,4,25.0,0,1,0,Demolition,77
1045,26,5,25.0,0,1,0,Demolition,77
1046,26,6,25.0,0,1,0,Demolition,77
1047,26,7,25.0,0,1,0,Demolition,77
1048,26,8,25.0,0,1,0,Demolition,77
1049,26,9,25.0,0,1,0,Demolition,77
1050,26,10,27.22535521,0,1,0,Demolition,77
1051,26,11,29.52584585,0,1,0,Demolition,77
1052,26,12,29.91897263,0,1,0,Demolition,77
1053,26,13,29.98615338,0,1,0,Demolition,77
1054,26,14,29.99763377,0,1,0,Demolition,77
1055,26,15,29.99959564,0,1,0,Demolition,77
1056,26,16,29.9999309,0,1,0,Demolition,77
1057,26,17,29.99998819,1,1,0,Demolition,72
1058,26,18,29.99999798,1,1,0,Demolition,72
1059,26,19,29.99999966,1,1,0,Demolition,72
1060,26,20,29.99999994,1,1,0,Demolition,72
1061,26,21,29.99999999,1,1,0,Demolition,72
1062,26,22,30.0,1,1,0,Demolition,72
1063,26,23,30.0,1,1,0,Demolition,72
1064,26,24,30.0,2,1,0,Demolition,67
1065,26,25,30.0,3,1,0,Demolition,63
1066,26,26,30.0,3,1,0,Demolition,63
1067,26,27,30.0,3,1,0,Demolition,63
1068,26,28,30.0,3,1,0,Demolition,63
1069,26,29,30.0,3,1,0,Demolition,63
1070,26,30,30.0,3,1,0,Demolition,63
1071,26,31,30.0,4,1,0,Demolition,59
1072,26,32,30.0,5,1,0,Demolition,53
1073,26,33,30.0,6,1,0,Demolition,48
1074,26,34,30.0,6,1,0,Demolition,48
1075,26,35,30.0,6,1,0,Demolition,48
1076,26,36,30.0,6,1,0,Demolition,48
1077,26,37,30.0,6,1,0,Demolition,48
1078,26,38,30.0,6,1,0,Demolition,48
1079,26,39,30.0,6,1,0,Demolition,48
1080,27,0,25.0,0,1,0,Demolition,77
1081,27,1,26.48834019,0,1,0,Demolition,77
1082,27,2,29.39989865,0,1,0,Demolition,77
1083,27,3,29.89744974,0,1,0,Demolition,77
1084,27,4,29.98247537,0,1,0,Demolition,77
1085,27,5,29.99700525,0,1,0,Demolition,77
1086,27,6,29.99948823,1,1,0,Demolition,72
1087,27,7,29.99991254,2,1,0,Demolition,67
1088,27,8,29.99998505,2,1,0,Demolition,67
1089,27,9,29.99999745,2,1,0,Demolition,67
1090,27,10,29.99999956,2,1,0,Demolition,67
1091,27,11,29.99999993,2,1,0,Demolition,67
1092,27,12,29.99999999,2,1,0,Demolition,67
1093,27,13,30.0,2,1,0,Demolition,67
1094,27,14,30.0,2,1,0,Demolition,67
1095,27,15,30.0,2,1,0,Demolition,67
1096,27,16,30.0,2,1,0,Demolition,67
1097,27,17,30.0,2,1,0,Demolition,67
1098,27,18,30.0,3,1,0,Demolition,63
1099,27,19,30.0,4,1,0,Demolition,59
1100,27,20,30.0,4,1,0,Demolition,59
1101,27,21,30.0,4,1,0,Demolition,59
1102,27,22,30.0,4,1,0,Demolition,59
1103,27,23,30.0,4,1,0,Demolition,59
1104,27,24,30.0,4,1,0,Demolition,59
1105,27,25,30.0,4,1,0,Demolition,59
1106,27,26,30.0,4,1,0,Demolition,59
1107,27,27,30.0,5,1,0,Demolition,53
1108,27,28,30.0,6,2,0,Demolition,47
1109,27,29,30.0,6,2,0,Demolition,47
1110,27,30,30.0,6,2,0,Demolition,47
1111,27,31,30.0,6,2,0,Demolition,47
1112,27,32,30.0,6,2,0,Demolition,47
1113,27,33,30.0,6,2,0,Demolition,47
1114,27,34,30.0,6,2,0,Demolition,47
1115,27,35,30.0,7,2,0,Demolition,40
1116,27,36,30.0,7,2,0,Demolition,40
1117,27,37,30.0,7,2,0,Demolition,40
1118,27,38,30.0,7,2,0,Demolition,40
1119,27,39,30.0,7,2,0,Demolition,40
1120,28,0,25.0,0,0,0,Demolition,78
1121,28,1,29.14555883,0,0,0,Demolition,78
1122,28,2,29.85398606,0,0,0,Demolition,78
1123,28,3,29.97504793,0,0,0,Demolition,78
1124,28,4,29.99573599,0,0,0,Demolition,78
1125,28,5,29.99927133,0,0,0,Demolition,78
1126,28,6,29.99987548,1,0,0,Demolition,73
1127,28,7,29.99997872,1,0,0,Demolition,73
1128,28,8,29.99999636,1,0,0,Demolition,73
1129,28,9,29.99999938,1,0,0,Demolition,73
1130,28,10,29.99999989,1,0,0,Demolition,73
1131,28,11,29.99999998,1,0,0,Demolition,73
1132,28,12,30.0,2,0,0,Demolition,68
1133,28,13,30.0,3,0,0,Demolition,64
1134,28,14,30.0,4,0,0,Demolition,60
1135,28,15,30.0,5,0,0,Demolition,54
1136,28,16,30.0,5,0,0,Demolition,54
1137,28,17,30.0,5,0,0,Demolition,54
1138,28,18,30.0,5,0,0,Demolition,54
1139,28,19,30.0,5,0,0,Demolition,54
1140,28,20,30.0,5,0,0,Demolition,54
1141,28,21,30.0,6,0,0,Demolition,49
1142,28,22,30.0,7,0,0,Demolition,42
1143,28,23,30.0,7,0,0,Demolition,42
1144,28,24,30.0,7,0,0,Demolition,42
1145,28,25,30.0,7,0,0,Demolition,42
1146,28,26,30.0,7,0,0,Demolition,42
1147,28,27,30.0,7,0,0,Demolition,42
1148,28,28,30.0,8,0,0,Demolition,36
1149,28,29,30.0,9,0,0,Demolition,30
1150,28,30,30.0,9,0,0,Demolition,30
1151,28,31,30.0,9,0,0,Demolition,30
1152,28,32,30.0,9,0,0,Demolition,30
1153,28,33,30.0,9,0,0,Demolition,30
1154,28,34,30.0,9,0,0,Demolition,30
1155,28,35,30.0,9,0,0,Demolition,30
1156,28,36,30.0,9,0,0,Demolition,30
1157,28,37,30.0,10,0,0,Demolition,23
1158,28,38,30.0,10,0,0,Demolition,23
1159,28,39,30.0,10,0,0,Demolition,23
1160,29,0,25.0,0,0,0,Demolition,78
1161,29,1,29.14555883,0,0,0,Demolition,78
1162,29,2,29.85398606,1,0,0,Demolition,73
1163,29,3,29.97504793,2,0,0,Demolition,68
1164,29,4,29.99573599,2,0,0,Demolition,68
1165,29,5,29.99927133,2,0,0,Demolition,68
1166,29,6,29.99987548,3,0,0,Demolition,64
1167,29,7,29.99997872,3,0,0,Demolition,64
1168,29,8,29.99999636,3,0,0,Demolition,64
1169,29,9,29.99999938,3,0,0,Demolition,64
1170,29,10,29.99999989,4,0,0,Demolition,60
1171,29,11,29.99999998,4,0,0,Demolition,60
1172,29,12,30.0,4,0,0,Demolition,60
1173,29,13,30.0,4,0,0,Demolition,60
1174,29,14,30.0,4,0,0,Demolition,60
1175,29,15,30.0,4,0,0,Demolition,60
1176,29,16,30.0,4,0,0,Demolition,60
1177,29,17,30.0,4,0,0,Demolition,60
1178,29,18,30.0,4,0,0,Demolition,60
1179,29,19,30.0,4,0,0,Demolition,60
1180,29,20,30.0,5,0,0,Demolition,54
1181,29,21,30.0,6,0,0,Demolition,49
1182,29,22,30.0,6,0,0,Demolition,49
1183,29,23,30.0,6,0,0,Demolition,49
1184,29,24,30.0,6,0,0,Demolition,49
1185,29,25,30.0,6,0,0,Demolition,49
1186,29,26,30.0,6,0,0,Demolition,49
1187,29,27,30.0,6,0,0,Demolition,49
1188,29,28,30.0,6,0,0,Demolition,49
1189,29,29,30.0,7,0,0,Demolition,42
1190,29,30,30.0,7,0,0,Demolition,42
1191,29,31,30.0,7,0,0,Demolition,42
1192,29,32,30.0,7,0,0,Demolition,42
1193,29,33,30.0,7,0,0,Demolition,42
1194,29,34,30.0,7,0,0,Demolition,42
1195,29,35,30.0,8,0,0,Demolition,36
1196,29,36,30.0,8,0,0,Demolition,36
1197,29,37,30.0,9,0,0,Demolition,30
1198,29,38,30.0,10,0,0,Demolition,23
1199,29,39,30.0,10,0,0,Demolition,23
1200,30,0,25.0,0,0,0,Nasty,78
1201,30,1,25.0,0,0,0,Nasty,78
1202,30,2,28.78342263,0,0,0,Nasty,78
1203,30,3,29.79210124,0,0,0,Nasty,78
1204,30,4,29.96447255,0,0,0,Nasty,78
1205,30,5,29.99392878,1,0,0,Nasty,73
1206,30,6,29.9989625,1,0,0,Nasty,73
1207,30,7,29.9998227,2,0,0,Nasty,68
1208,30,8,29.9999697,2,0,0,Nasty,68
1209,30,9,29.99999482,2,0,0,Nasty,68
1210,30,10,29.99999912,2,0,0,Nasty,68
1211,30,11,29.99999985,3,1,0,Nasty,63
1212,30,12,29.99999997,3,1,0,Nasty,63
1213,30,13,30.0,3,1,0,Nasty,63
1214,30,14,30.0,3,2,0,Nasty,62
1215,30,15,30.0,3,2,0,Nasty,62
1216,30,16,30.0,4,2,0,Nasty,58
1217,30,17,30.0,5,2,0,Nasty,52
1218,30,18,30.0,5,2,0,Nasty,52
1219,30,19,30.0,5,2,0,Nasty,52
1220,30,20,30.0,5,2,0,Nasty,52
1221,30,21,30.0,6,3,0,Nasty,46
1222,30,22,30.0,7,4,0,Nasty,38
1223,30,23,30.0,8,4,0,Nasty,32
1224,30,24,30.0,9,4,0,Nasty,26
1225,30,25,30.0,9,4,0,Nasty,26
1226,30,26,30.0,9,4,0,Nasty,26
1227,30,27,30.0,9,4,0,Nasty,26
1228,30,28,30.0,10,4,0,Nasty,19
1229,30,29,30.0,10,4,0,Nasty,19
1230,30,30,30.0,10,4,0,Nasty,19
1231,30,31,30.0,10,4,0,Nasty,19
1232,30,32,30.0,10,4,0,Nasty,19
1233,30,33,30.0,10,4,0,Nasty,19
1234,30,34,30.0,10,4,0,Nasty,19
1235,30,35,30.0,10,4,0,Nasty,19
1236,30,36,30.0,11,4,0,Nasty,13
1237,30,37,30.0,11,4,0,Nasty,13
1238,30,38,30.0,12,4,0,Nasty,9
1239,30,39,30.0,12,4,0,Nasty,9
1240,31,0,25.0,0,0,0,Nasty,78
1241,31,1,25.0,0,0,0,Nasty,78
1242,31,2,25.0,0,0,0,Nasty,78
1243,31,3,25.0,0,0,0,Nasty,78
1244,31,4,25.0,1,1,0,Nasty,72
1245,31,5,25.0,2,1,0,Nasty,67
1246,31,6,25.0,2,1,0,Nasty,67
1247,31,7,25.0,2,1,0,Nasty,67
1248,31,8,25.0,2,1,0,Nasty,67
1249,31,9,25.0,2,1,0,Nasty,67
1250,31,10,25.0,2,1,0,Nasty,67
1251,31,11,26.04938272,3,1,0,Nasty,63
1252,31,12,29.32488599,3,1,0,Nasty,63
1253,31,13,29.88463096,3,1,0,Nasty,63
1254,31,14,29.98028479,4,1,0,Nasty,59
1255,31,15,29.9966309,4,1,0,Nasty,59
1256,31,16,29.99942426,4,1,0,Nasty,59
1257,31,17,29.99990161,4,1,0,Nasty,59
1258,31,18,29.99998319,5,1,0,Nasty,53
1259,31,19,29.99999713,5,1,0,Nasty,53
1260,31,20,29.99999951,6,1,0,Nasty,48
1261,31,21,29.99999992,7,1,0,Nasty,41
1262,31,22,29.99999999,7,1,0,Nasty,41
1263,31,23,30.0,7,1,0,Nasty,41
1264,31,24,30.0,7,1,0,Nasty,41
1265,31,25,30.0,8,1,0,Nasty,35
1266,31,26,30.0,8,2,0,Nasty,34
1267,31,27,30.0,8,2,0,Nasty,34
1268,31,28,30.0,8,2,0,Nasty,34
1269,31,29,30.0,8,2,0,Nasty,34
1270,31,30,30.0,8,2,0,Nasty,34
1271,31,31,30.0,8,2,0,Nasty,34
1272,31,32,30.0,8,2,0,Nasty,34
1273,31,33,30.0,9,2,0,Nasty,28
1274,31,34,30.0,9,2,0,Nasty,28
1275,31,35,30.0,9,2,0,Nasty,28
1276,31,36,30.0,9,2,0,Nasty,28
1277,31,37,30.0,10,2,0,Nasty,21
1278,31,38,30.0,10,2,0,Nasty,21
1279,31,39,30.0,11,2,0,Nasty,15
1280,32,0,25.0,0,0,0,Nasty,78
1281,32,1,29.14555883,0,0,0,Nasty,78
1282,32,2,29.85398606,0,0,0,Nasty,78
1283,32,3,29.97504793,1,0,0,Nasty,73
1284,32,4,29.99573599,1,1,0,Nasty,72
1285,32,5,29.99927133,1,1,0,Nasty,72
1286,32,6,29.99987548,1,1,0,Nasty,72
1287,32,7,29.99997872,1,1,0,Nasty,72
1288,32,8,29.99999636,1,1,0,Nasty,72
1289,32,9,29.99999938,1,1,0,Nasty,72
1290,32,10,29.99999989,1,1,0,Nasty,72
1291,32,11,29.99999998,2,2,0,Nasty,66
1292,32,12,30.0,3,2,0,Nasty,62
1293,32,13,30.0,4,2,0,Nasty,58
1294,32,14,30.0,4,2,0,Nasty,58
1295,32,15,30.0,4,2,0,Nasty,58
1296,32,16,30.0,4,2,0,Nasty,58
1297,32,17,30.0,4,2,0,Nasty,58
1298,32,18,30.0,4,2,0,Nasty,58
1299,32,19,30.0,4,2,0,Nasty,58
1300,32,20,30.0,4,2,0,Nasty,58
1301,32,21,30.0,5,2,0,Nasty,52
1302,32,22,30.0,5,2,0,Nasty,52
1303,32,23,30.0,5,2,0,Nasty,52
1304,32,24,30.0,6,2,0,Nasty,47
1305,32,25,30.0,6,2,0,Nasty,47
1306,32,26,30.0,7,2,0,Nasty,40
1307,32,27,30.0,8,2,0,Nasty,34
1308,32,28,30.0,8,2,0,Nasty,34
1309,32,29,30.0,8,2,0,Nasty,34
1310,32,30,30.0,8,2,0,Nasty,34
1311,32,31,30.0,9,2,0,Nasty,28
1312,32,32,30.0,10,2,0,Nasty,21
1313,32,33,30.0,10,2,0,Nasty,21
1314,32,34,30.0,11,2,0,Nasty,15
1315,32,35,30.0,11,2,0,Nasty,15
1316,32,36,30.0,11,2,0,Nasty,15
1317,32,37,30.0,12,2,0,Nasty,10
1318,32,38,30.0,12,2,0,Nasty,10
1319,32,39,30.0,12,2,0,Nasty,10
1320,33,0,25.0,0,0,0,Nasty,78
1321,33,1,29.14555883,0,0,0,Nasty,78
1322,33,2,29.85398606,0,0,0,Nasty,78
1323,33,3,29.97504793,0,0,0,Nasty,78
1324,33,4,29.99573599,1,0,0,Nasty,73
1325,33,5,29.99927133,1,0,0,Nasty,73
1326,33,6,29.99987548,1,0,0,Nasty,73
1327,33,7,29.99997872,1,0,0,Nasty,73
1328,33,8,29.99999636,2,0,0,Nasty,68
1329,33,9,29.99999938,2,0,0,Nasty,68
1330,33,10,29.99999989,3,0,0,Nasty,64
1331,33,11,29.99999998,4,0,0,Nasty,60
1332,33,12,30.0,5,0,0,Nasty,54
1333,33,13,30.0,5,0,0,Nasty,54
1334,33,14,30.0,5,0,0,Nasty,54
1335,33,15,30.0,5,0,0,Nasty,54
1336,33,16,30.0,5,0,0,Nasty,54
1337,33,17,30.0,6,0,0,Nasty,49
1338,33,18,30.0,7,1,0,Nasty,41
1339,33,19,30.0,7,1,0,Nasty,41
1340,33,20,30.0,8,1,0,Nasty,35
1341,33,21,30.0,9,1,0,Nasty,29
1342,33,22,30.0,9,1,0,Nasty,29
1343,33,23,30.0,9,1,0,Nasty,29
1344,33,24,30.0,9,1,0,Nasty,29
1345,33,25,30.0,9,1,0,Nasty,29
1346,33,26,30.0,10,1,0,Nasty,22
1347,33,27,30.0,10,1,0,Nasty,22
1348,33,28,30.0,10,1,0,Nasty,22
1349,33,29,30.0,10,1,0,Nasty,22
1350,33,30,30.0,10,1,0,Nasty,22
1351,33,31,30.0,11,1,0,Nasty,16
1352,33,32,30.0,11,1,0,Nasty,16
1353,33,33,30.0,11,1,0,Nasty,16
1354,33,34,30.0,11,1,0,Nasty,16
1355,33,35,30.0,11,1,0,Nasty,16
1356,33,36,30.0,11,1,0,Nasty,16
1357,33,37,30.0,11,1,0,Nasty,16
1358,33,38,30.0,12,1,0,Nasty,11
1359,33,39,30.0,12,1,0,Nasty,11
1360,34,0,25.0,0,1,0,Nasty,77
1361,34,1,29.14555883,0,1,0,Nasty,77
1362,34,2,29.85398606,0,1,0,Nasty,77
1363,34,3,29.97504793,0,1,0,Nasty,77
1364,34,4,29.99573599,1,1,0,Nasty,72
1365,34,5,29.99927133,2,1,0,Nasty,67
1366,34,6,29.99987548,2,2,0,Nasty,66
1367,34,7,29.99997872,2,2,0,Nasty,66
1368,34,8,29.99999636,2,2,0,Nasty,66
1369,34,9,29.99999938,2,2,0,Nasty,66
1370,34,10,29.99999989,2,2,0,Nasty,66
1371,34,11,29.99999998,2,2,0,Nasty,66
1372,34,12,30.0,3,2,0,Nasty,62
1373,34,13,30.0,4,2,0,Nasty,58
1374,34,14,30.0,4,3,0,Nasty,57
1375,34,15,30.0,5,3,0,Nasty,51
1376,34,16,30.0,6,3,0,Nasty,46
1377,34,17,30.0,6,3,0,Nasty,46
1378,34,18,30.0,7,3,0,Nasty,39
1379,34,19,30.0,7,3,0,Nasty,39
1380,34,20,30.0,8,3,0,Nasty,33
1381,34,21,30.0,8,3,0,Nasty,33
1382,34,22,30.0,8,3,0,Nasty,33
1383,34,23,30.0,8,4,0,Nasty,32
1384,34,24,30.0,8,4,0,Nasty,32
1385,34,25,30.0,8,4,0,Nasty,32
1386,34,26,30.0,8,4,0,Nasty,32
1387,34,27,30.0,8,4,0,Nasty,32
1388,34,28,30.0,8,4,0,Nasty,32
1389,34,29,30.0,8,4,0,Nasty,32
1390,34,30,30.0,8,4,0,Nasty,32
1391,34,31,30.0,9,4,0,Nasty,26
1392,34,32,30.0,9,4,0,Nasty,26
1393,34,33,30.0,9,4,0,Nasty,26
1394,34,34,30.0,9,4,0,Nasty,26
1395,34,35,30.0,9,4,0,Nasty,26
1396,34,36,30.0,10,4,0,Nasty,19
1397,34,37,30.0,10,5,0,Nasty,18
1398,34,38,30.0,10,5,0,Nasty,18
1399,34,39,30.0,10,5,0,Nasty,18
1400,35,0,25.0,0,1,0,Nasty,77
1401,35,1,25.0,0,1,0,Nasty,77
1402,35,2,28.05127828,0,1,0,Nasty,77
1403,35,3,29.66698639,0,1,0,Nasty,77
1404,35,4,29.94309189,0,1,0,Nasty,77
1405,35,5,29.99027507,0,1,0,Nasty,77
1406,35,6,29.99833812,0,2,0,Nasty,76
1407,35,7,29.99971601,1,2,0,Nasty,71
1408,35,8,29.99995147,1,2,0,Nasty,71
1409,35,9,29.99999171,1,2,0,Nasty,71
1410,35,10,29.99999858,1,2,0,Nasty,71
1411,35,11,29.99999976,1,2,0,Nasty,71
1412,35,12,29.99999996,2,2,0,Nasty,66
1413,35,13,29.99999999,2,2,0,Nasty,66
1414,35,14,30.0,2,2,0,Nasty,66
1415,35,15,30.0,2,3,0,Nasty,65
1416,35,16,30.0,3,4,0,Nasty,61
1417,35,17,30.0,3,4,0,Nasty,61
1418,35,18,30.0,4,4,0,Nasty,56
1419,35,19,30.0,4,4,0,Nasty,56
1420,35,20,30.0,4,5,0,Nasty,55
1421,35,21,30.0,5,5,0,Nasty,50
1422,35,22,30.0,5,5,0,Nasty,50
1423,35,23,30.0,5,5,0,Nasty,50
1424,35,24,30.0,5,5,0,Nasty,50
1425,35,25,30.0,5,5,0,Nasty,50
1426,35,26,30.0,5,5,0,Nasty,50
1427,35,27,30.0,6,5,0,Nasty,44
1428,35,28,30.0,6,6,0,Nasty,43
1429,35,29,30.0,7,6,0,Nasty,37
1430,35,30,30.0,8,7,0,Nasty,31
1431,35,31,30.0,8,7,0,Nasty,31
1432,35,32,30.0,8,7,0,Nasty,31
1433,35,33,30.0,8,7,0,Nasty,31
1434,35,34,30.0,8,7,0,Nasty,31
1435,35,35,30.0,8,7,0,Nasty,31
1436,35,36,30.0,8,7,0,Nasty,31
1437,35,37,30.0,9,8,0,Nasty,24
1438,35,38,30.0,9,8,0,Nasty,24
1439,35,39,30.0,10,8,0,Nasty,17
1440,36,0,25.0,0,0,0,Nasty,78
1441,36,1,27.53364908,0,0,0,Nasty,78
1442,36,2,29.57852965,0,0,0,Nasty,78
1443,36,3,29.92797568,0,0,0,Nasty,78
1444,36,4,29.98769189,1,0,0,Nasty,73
1445,36,5,29.99789669,2,0,0,Nasty,68
1446,36,6,29.99964057,2,0,0,Nasty,68
1447,36,7,29.99993858,2,0,0,Nasty,68
1448,36,8,29.9999895,3,0,0,Nasty,64
1449,36,9,29.99999821,4,1,0,Nasty,59
1450,36,10,29.99999969,4,1,0,Nasty,59
1451,36,11,29.99999995,4,2,0,Nasty,58
1452,36,12,29.99999999,4,2,0,Nasty,58
1453,36,13,30.0,4,2,0,Nasty,58
1454,36,14,30.0,5,2,0,Nasty,52
1455,36,15,30.0,6,2,0,Nasty,47
1456,36,16,30.0,6,2,0,Nasty,47
1457,36,17,30.0,6,2,0,Nasty,47
1458,36,18,30.0,6,2,0,Nasty,47
1459,36,19,30.0,6,2,0,Nasty,47
1460,36,20,30.0,6,2,0,Nasty,47
1461,36,21,30.0,6,2,0,Nasty,47
1462,36,22,30.0,7,2,0,Nasty,40
1463,36,23,30.0,7,2,0,Nasty,40
1464,36,24,30.0,7,2,0,Nasty,40
1465,36,25,30.0,7,2,0,Nasty,40
1466,36,26,30.0,7,2,0,Nasty,40
1467,36,27,30.0,7,2,0,Nasty,40
1468,36,28,30.0,7,2,0,Nasty,40
1469,36,29,30.0,7,3,0,Nasty,39
1470,36,30,30.0,8,4,0,Nasty,32
1471,36,31,30.0,8,4,0,Nasty,32
1472,36,32,30.0,8,4,0,Nasty,32
1473,36,33,30.0,9,5,0,Nasty,25
1474,36,34,30.0,9,5,0,Nasty,25
1475,36,35,30.0,10,5,0,Nasty,18
1476,36,36,30.0,10,5,0,Nasty,18
1477,36,37,30.0,10,5,0,Nasty,18
1478,36,38,30.0,10,5,0,Nasty,18
1479,36,39,30.0,11,6,0,Nasty,12
1480,37,0,25.0,0,1,0,Nasty,77
1481,37,1,29.14555883,0,1,0,Nasty,77
1482,37,2,29.85398606,0,2,0,Nasty,76
1483,37,3,29.97504793,1,2,0,Nasty,71
1484,37,4,29.99573599,2,2,0,Nasty,66
1485,37,5,29.99927133,2,2,0,Nasty,66
1486,37,6,29.99987548,2,2,0,Nasty,66
1487,37,7,29.99997872,2,2,0,Nasty,66
1488,37,8,29.99999636,3,2,0,Nasty,62
1489,37,9,29.99999938,4,2,0,Nasty,58
1490,37,10,29.99999989,4,2,0,Nasty,58
1491,37,11,29.99999998,5,2,0,Nasty,52
1492,37,12,30.0,6,2,0,Nasty,47
1493,37,13,30.0,7,2,0,Nasty,40
1494,37,14,30.0,7,2,0,Nasty,40
1495,37,15,30.0,7,2,0,Nasty,40
1496,37,16,30.0,7,2,0,Nasty,40
1497,37,17,30.0,8,2,0,Nasty,34
1498,37,18,30.0,9,2,0,Nasty,28
1499,37,19,30.0,10,2,0,Nasty,21
1500,37,20,30.0,10,3,0,Nasty,20
1501,37,21,30.0,10,3,0,Nasty,20
1502,37,22,30.0,11,3,0,Nasty,14
1503,37,23,30.0,11,4,0,Nasty,13
1504,37,24,30.0,11,4,0,Nasty,13
1505,37,25,30.0,11,4,0,Nasty,13
1506,37,26,30.0,11,4,0,Nasty,13
1507,37,27,30.0,11,4,0,Nasty,13
1508,37,28,30.0,12,5,0,Nasty,8
1509,37,29,30.0,13,5,0,Nasty,6
1510,37,30,30.0,13,5,0,Nasty,6
1511,37,31,30.0,13,5,0,Nasty,6
1512,37,32,30.0,14,5,0,Nasty,5
1513,37,33,30.0,15,5,0,Nasty,4
1514,37,34,30.0,16,5,0,Nasty,3
1515,37,35,30.0,16,5,0,Nasty,3
1516,37,36,30.0,16,5,0,Nasty,3
1517,37,37,30.0,16,5,0,Nasty,3
1518,37,38,30.0,16,6,0,Nasty,2
1519,37,39,30.0,17,6,0,Nasty,1
1520,38,0,25.0,0,0,0,Nasty,78
1521,38,1,25.0,0,0,0,Nasty,78
1522,38,2,25.0,0,0,0,Nasty,78
1523,38,3,25.0,0,0,0,Nasty,78
1524,38,4,25.0,0,0,0,Nasty,78
1525,38,5,25.0,0,0,0,Nasty,78
1526,38,6,25.0,0,0,0,Nasty,78
1527,38,7,25.0,0,0,0,Nasty,78
1528,38,8,25.0,0,0,0,Nasty,78
1529,38,9,25.0,0,0,0,Nasty,78
1530,38,10,25.0,0,0,0,Nasty,78
1531,38,11,25.0,1,1,0,Nasty,72
1532,38,12,25.0,2,2,0,Nasty,66
1533,38,13,25.0,3,2,0,Nasty,62
1534,38,14,28.26780292,3,2,0,Nasty,62
1535,38,15,29.7039879,3,2,0,Nasty,62
1536,38,16,29.94941501,3,2,0,Nasty,62
1537,38,17,29.99135562,3,2,0,Nasty,62
1538,38,18,29.99852278,3,2,0,Nasty,62
1539,38,19,29.99974756,4,3,0,Nasty,57
1540,38,20,29.99995686,4,3,0,Nasty,57
1541,38,21,29.99999263,4,3,0,Nasty,57
1542,38,22,29.99999874,5,3,0,Nasty,51
1543,38,23,29.99999978,5,3,0,Nasty,51
1544,38,24,29.99999996,5,3,0,Nasty,51
1545,38,25,29.99999999,5,3,0,Nasty,51
1546,38,26,30.0,6,3,0,Nasty,46
1547,38,27,30.0,6,3,0,Nasty,46
1548,38,28,30.0,7,3,0,Nasty,39
1549,38,29,30.0,7,3,0,Nasty,39
1550,38,30,30.0,7,3,0,Nasty,39
1551,38,31,30.0,7,3,0,Nasty,39
1552,38,32,30.0,7,3,0,Nasty,39
1553,38,33,30.0,8,3,0,Nasty,33
1554,38,34,30.0,9,3,0,Nasty,27
1555,38,35,30.0,10,3,0,Nasty,20
1556,38,36,30.0,10,3,0,Nasty,20
1557,38,37,30.0,10,3,0,Nasty,20
1558,38,38,30.0,10,3,0,Nasty,20
1559,38,39,30.0,11,3,0,Nasty,14
1560,39,0,25.0,0,0,0,Nasty,78
1561,39,1,29.14555883,0,0,0,Nasty,78
1562,39,2,29.85398606,0,0,0,Nasty,78
1563,39,3,29.97504793,1,1,0,Nasty,72
1564,39,4,29.99573599,1,1,0,Nasty,72
1565,39,5,29.99927133,1,1,0,Nasty,72
1566,39,6,29.99987548,1,1,0,Nasty,72
1567,39,7,29.99997872,2,1,0,Nasty,67
1568,39,8,29.99999636,2,1,0,Nasty,67
1569,39,9,29.99999938,2,1,0,Nasty,67
1570,39,10,29.99999989,2,1,0,Nasty,67
1571,39,11,29.99999998,2,1,0,Nasty,67
1572,39,12,30.0,2,1,0,Nasty,67
1573,39,13,30.0,2,1,0,Nasty,67
1574,39,14,30.0,2,1,0,Nasty,67
1575,39,15,30.0,3,1,0,Nasty,63
1576,39,16,30.0,4,2,0,Nasty,58
1577,39,17,30.0,5,2,0,Nasty,52
1578,39,18,30.0,6,2,0,Nasty,47
1579,39,19,30.0,6,2,0,Nasty,47
1580,39,20,30.0,6,3,0,Nasty,46
1581,39,21,30.0,6,3,0,Nasty,46
1582,39,22,30.0,6,3,0,Nasty,46
1583,39,23,30.0,6,3,0,Nasty,46
1584,39,24,30.0,6,4,0,Nasty,45
1585,39,25,30.0,7,4,0,Nasty,38
1586,39,26,30.0,8,4,0,Nasty,32
1587,39,27,30.0,9,4,0,Nasty,26
1588,39,28,30.0,9,4,0,Nasty,26
1589,39,29,30.0,9,4,0,Nasty,26
1590,39,30,30.0,9,4,0,Nasty,26
1591,39,31,30.0,9,4,0,Nasty,26
1592,39,32,30.0,9,4,0,Nasty,26
1593,39,33,30.0,10,5,0,Nasty,18
1594,39,34,30.0,11,6,0,Nasty,12
1595,39,35,30.0,12,6,0,Nasty,7
1596,39,36,30.0,12,6,0,Nasty,7
1597,39,37,30.0,12,6,0,Nasty,7
1598,39,38,30.0,12,6,0,Nasty,7
1599,39,39,30.0,12,6,0,Nasty,7
