traj,step,speed,num_collisions,num_offroad_visits,action,intention
0,0,25.0,0,0,0,Safe
0,1,25.0,0,0,0,Safe
0,2,28.267802919426906,0,0,0,Safe
0,3,29.70398789887631,0,0,0,Safe
0,4,29.949415014611,0,0,1,Safe
0,5,29.991355621148287,0,0,0,Safe
0,6,29.998522777358588,0,0,0,Safe
0,7,29.999747560030656,0,0,-1,Safe
0,8,29.99995686097929,0,0,0,Safe
0,9,29.999992628048908,0,0,0,Safe
0,10,29.999998740220292,0,0,0,Safe
0,11,29.99999978471847,0,0,0,Safe
0,12,29.999999963210918,0,0,0,Safe
0,13,29.999999993713182,0,0,1,Safe
0,14,29.99999999892566,0,0,-1,Safe
0,15,29.999999999816406,0,0,0,Safe
0,16,29.99999999996863,0,0,0,Safe
0,17,29.99999999999464,0,0,0,Safe
0,18,29.999999999999083,0,0,1,Safe
0,19,29.999999999999844,0,0,0,Safe
0,20,29.99999999999997,0,0,0,Safe
0,21,29.999999999999986,0,0,0,Safe
0,22,29.999999999999986,0,0,-1,Safe
0,23,29.999999999999986,0,0,0,Safe
0,24,29.999999999999986,0,0,0,Safe
0,25,29.999999999999986,0,0,0,Safe
0,26,29.999999999999986,0,0,0,Safe
0,27,29.999999999999986,0,0,0,Safe
0,28,29.999999999999986,0,0,0,Safe
0,29,29.999999999999986,0,0,1,Safe
0,30,29.999999999999986,0,0,0,Safe
0,31,29.999999999999986,0,0,0,Safe
0,32,29.999999999999986,0,0,0,Safe
0,33,29.999999999999986,0,0,0,Safe
0,34,29.999999999999986,0,0,-1,Safe
0,35,26.732197080573087,0,0,0,Safe
0,36,25.296012101123686,0,0,0,Safe
0,37,23.172060370238867,0,0,0,Safe
0,38,20.542067796797664,0,0,0,Safe
0,39,20.092633008842437,0,0,0,Safe
1,0,25.0,0,0,0,Safe
1,1,29.1455588268693,0,0,0,Safe
1,2,29.853986056331806,0,0,0,Safe
1,3,29.975047934935745,0,0,0,Safe
1,4,29.995735985650892,0,0,-1,Safe
1,5,29.99927133011546,0,0,0,Safe
1,6,29.999875478889802,0,0,0,Safe
1,7,29.999978720807306,0,0,0,Safe
1,8,29.999996363636328,0,0,1,Safe
1,9,29.99999937858823,0,0,0,Safe
1,10,29.999999893808038,0,0,0,Safe
1,11,29.99999998185304,0,0,0,Safe
1,12,29.9999999968989,0,0,0,Safe
1,13,29.99999999947006,0,0,-1,Safe
1,14,29.99999999990944,0,0,0,Safe
1,15,29.999999999984524,0,0,0,Safe
1,16,28.950617283947974,0,0,0,Safe
1,17,25.675114013337392,0,0,0,Safe
1,18,23.627028849866704,0,0,0,Safe
1,19,20.619816557091802,0,0,0,Safe
1,20,20.105919357233468,0,0,0,Safe
1,21,20.018100371970363,0,0,0,Safe
1,22,20.003093140612094,0,0,0,Safe
1,23,24.039282261566612,0,0,0,Safe
1,24,21.20447418684927,0,0,0,Safe
1,25,20.205830467443427,0,0,0,Safe
1,26,26.487420974107277,0,0,0,Safe
1,27,26.592053501380704,0,0,0,Safe
1,28,21.64071275742548,0,0,0,Safe
1,29,20.28037850664503,0,0,0,Safe
1,30,20.04791338802768,0,0,0,Safe
1,31,20.008187834295008,0,0,0,Safe
1,32,20.00139920454809,0,0,0,Safe
1,33,22.225594321061884,0,0,0,Safe
1,34,24.52588671138953,0,0,0,Safe
1,35,24.91897961709656,0,0,0,Safe
1,36,24.9861545697969,0,0,0,Safe
1,37,24.997633978874955,0,0,0,Safe
1,38,24.999595674826853,0,0,1,Safe
1,39,24.999930905584947,0,0,0,Safe
2,0,25.0,0,0,0,Safe
2,1,25.0,0,0,0,Safe
2,2,28.460269261712806,0,0,0,Safe
2,3,29.736878132334496,0,0,0,Safe
2,4,29.95503556854311,0,0,0,Safe
2,5,29.992316107687365,0,0,0,Safe
2,6,29.998686913207635,0,0,1,Safe
2,7,29.99977560891614,0,0,0,Safe
2,8,29.999961654203812,0,0,0,Safe
2,9,29.999993447154583,0,0,-1,Safe
2,10,29.999998880195815,0,0,0,Safe
2,11,29.999999808638638,0,0,0,Safe
2,12,29.999999967298592,0,0,0,Safe
2,13,29.999999994411716,0,0,1,Safe
2,14,29.99999999904503,0,0,0,Safe
2,15,29.999999999836806,0,0,0,Safe
2,16,29.999999999972115,0,0,-1,Safe
2,17,29.999999999995236,0,0,0,Safe
2,18,29.999999999999186,0,0,0,Safe
2,19,29.99999999999986,0,0,1,Safe
2,20,29.999999999999975,0,0,0,Safe
2,21,29.999999999999986,0,0,0,Safe
2,22,29.999999999999986,0,0,0,Safe
2,23,27.466350921362853,0,0,-1,Safe
2,24,25.42147035492025,0,0,0,Safe
2,25,22.0207460405443,0,0,0,Safe
2,26,20.345321723496376,0,0,0,Safe
2,27,20.05901141970635,0,0,0,Safe
2,28,20.010084357336396,0,0,0,Safe
2,29,20.001723298022554,0,0,0,Safe
2,30,20.00029449135681,0,0,0,Safe
2,31,20.000050325108077,0,0,1,Safe
2,32,20.00000859996888,0,0,0,Safe
2,33,20.000001469633503,0,0,0,Safe
2,34,24.145559078012372,0,0,0,Safe
2,35,24.853986099249205,0,0,0,Safe
2,36,24.97504794226982,0,0,0,Safe
2,37,24.9957359869042,0,0,0,Safe
2,38,24.999271330329638,0,0,0,Safe
2,39,24.999875478926405,0,0,0,Safe
3,0,25.0,0,0,0,Safe
3,1,25.0,0,0,0,Safe
3,2,25.0,0,0,-1,Safe
3,3,27.225355213466784,0,0,0,Safe
3,4,29.525845850714717,0,0,0,Safe
3,5,29.91897263448798,0,0,0,Safe
3,6,29.986153376551243,0,0,0,Safe
3,7,29.997633774963308,0,0,0,Safe
3,8,29.999595639980747,0,0,0,Safe
3,9,25.961177219402195,0,0,0,Safe
3,10,23.285729263036373,0,0,0,Safe
3,11,20.561492473219733,0,0,0,Safe
3,12,20.09595245750439,0,0,0,Safe
3,13,20.016397146070965,0,0,0,Safe
3,14,20.002802079344974,0,0,0,Safe
3,15,20.000478842392546,0,0,0,Safe
3,16,20.000081828531126,0,0,0,Safe
3,17,20.000013983533226,0,0,0,Safe
3,18,20.000002389621308,0,0,0,Safe
3,19,20.00000040835817,0,0,0,Safe
3,20,20.000000069783606,0,0,0,Safe
3,21,20.000000011925195,0,0,0,Safe
3,22,20.00000000203788,0,0,0,Safe
3,23,20.00000000034825,0,0,0,Safe
3,24,20.00000000005951,0,0,0,Safe
3,25,20.000000000010168,0,0,0,Safe
3,26,20.00000000000174,0,0,0,Safe
3,27,20.0000000000003,0,0,0,Safe
3,28,20.00000000000005,0,0,1,Safe
3,29,20.000000000000014,0,0,0,Safe
3,30,20.000000000000014,0,0,0,Safe
3,31,22.22535521346679,0,0,0,Safe
3,32,24.52584585071472,0,0,0,Safe
3,33,21.651169715061073,0,0,0,Safe
3,34,20.28216547767493,0,0,0,Safe
3,35,20.04821876035231,0,0,0,Safe
3,36,20.008240018832467,0,0,0,Safe
3,37,20.00140812227157,0,0,0,Safe
3,38,20.000240631529124,0,0,0,Safe
3,39,20.000041121097208,0,0,0,Safe
4,0,25.0,0,0,0,Safe
4,1,25.0,0,0,0,Safe
4,2,25.0,0,0,0,Safe
4,3,25.0,0,0,0,Safe
4,4,26.87852461515013,0,0,0,Safe
4,5,29.466576582054056,0,0,0,Safe
4,6,29.908844213798975,0,0,0,Safe
4,7,29.98442254862015,0,0,0,Safe
4,8,29.99733799683372,0,0,0,Safe
4,9,29.99954509497834,0,0,1,Safe
4,10,29.999922262083924,0,0,0,Safe
4,11,29.99998671550476,0,0,0,Safe
4,12,29.99999772983606,0,0,-1,Safe
4,13,29.999999612055692,0,0,0,Safe
4,14,29.999999933704878,0,0,0,Safe
4,15,29.999999988670943,0,0,0,Safe
4,16,29.999999998064002,0,0,0,Safe
4,17,29.999999999669157,0,0,0,Safe
4,18,29.999999999943466,0,0,1,Safe
4,19,29.999999999990337,0,0,0,Safe
4,20,29.999999999998348,0,0,0,Safe
4,21,29.99999999999972,0,0,0,Safe
4,22,29.99999999999995,0,0,0,Safe
4,23,29.999999999999986,0,0,-1,Safe
4,24,29.999999999999986,0,0,0,Safe
4,25,29.999999999999986,0,0,0,Safe
4,26,29.999999999999986,0,0,0,Safe
4,27,29.999999999999986,0,0,0,Safe
4,28,29.999999999999986,0,0,0,Safe
4,29,29.999999999999986,0,0,0,Safe
4,30,27.466350921362853,0,0,0,Safe
4,31,25.42147035492025,0,0,0,Safe
4,32,25.072024324899573,0,0,0,Safe
4,33,25.012308109732228,0,0,0,Safe
4,34,25.002103311143728,0,0,0,Safe
4,35,25.000359431128224,0,0,1,Safe
4,36,28.783484049089484,0,0,0,Safe
4,37,29.792111736754364,0,0,0,Safe
4,38,29.96447434169446,0,0,0,Safe
4,39,29.993929082968236,0,0,0,Safe
5,0,25.0,0,0,0,Safe
5,1,25.0,0,0,-1,Safe
5,2,28.631350454855827,0,0,0,Safe
5,3,29.76611389540844,0,0,0,Safe
5,4,29.960031616482766,0,0,0,Safe
5,5,29.99316987349988,0,0,0,Safe
5,6,29.99883281174012,0,0,0,Safe
5,7,29.99980054125879,0,0,0,Safe
5,8,29.999965914847834,0,0,0,Safe
5,9,29.999994175248517,0,0,0,Safe
5,10,29.999999004618502,0,0,0,Safe
5,11,29.99999982990101,0,0,0,Safe
5,12,29.99999997093208,0,0,0,Safe
5,13,29.99999999503264,0,0,1,Safe
5,14,29.99999999915114,0,0,0,Safe
5,15,29.99999999985494,0,0,0,Safe
5,16,29.999999999975213,0,0,0,Safe
5,17,29.999999999995765,0,0,-1,Safe
5,18,29.999999999999275,0,0,0,Safe
5,19,29.999999999999876,0,0,0,Safe
5,20,29.99999999999998,0,0,0,Safe
5,21,29.999999999999986,0,0,0,Safe
5,22,29.999999999999986,0,0,0,Safe
5,23,29.444444444444432,0,0,0,Safe
5,24,25.759503265005062,0,0,0,Safe
5,25,24.574234616593948,0,0,0,Safe
5,26,20.78168287839552,0,0,0,Safe
5,27,23.593849668839297,0,0,0,Safe
5,28,27.810983736644257,0,0,0,Safe
5,29,29.625922875187232,0,0,0,Safe
5,30,29.936074620526725,0,0,1,Safe
5,31,29.989075904754007,0,0,0,Safe
5,32,29.998133200648525,0,0,0,Safe
5,33,29.999680985954427,0,0,0,Safe
5,34,29.999945484252933,0,0,-1,Safe
5,35,29.999990683900222,0,0,0,Safe
5,36,29.99999840798815,0,0,0,Safe
5,37,29.999999727943905,0,0,0,Safe
5,38,29.999999953508816,0,0,1,Safe
5,39,29.999999992055205,0,0,0,Safe
6,0,25.0,0,0,0,Safe
6,1,25.0,0,0,0,Safe
6,2,25.0,0,0,0,Safe
6,3,27.80768806989968,0,0,0,Safe
6,4,29.62535968451533,0,0,0,Safe
6,5,29.935978377867045,0,0,0,Safe
6,6,29.9890594580158,0,0,0,Safe
6,7,29.998130390094463,0,0,0,Safe
6,8,29.9996805056638,0,0,1,Safe
6,9,29.999945402176913,0,0,0,Safe
6,10,29.9999906698744,0,0,0,Safe
6,11,29.999998405591306,0,0,0,Safe
6,12,29.999999727534313,0,0,0,Safe
6,13,29.999999953438817,0,0,-1,Safe
6,14,29.999999992043243,0,0,0,Safe
6,15,29.999999998640288,0,0,0,Safe
6,16,29.99999999976764,0,0,1,Safe
6,17,29.999999999960295,0,0,0,Safe
6,18,29.999999999993214,0,0,0,Safe
6,19,29.999999999998842,0,0,-1,Safe
6,20,29.999999999999805,0,0,0,Safe
6,21,29.999999999999964,0,0,0,Safe
6,22,29.999999999999986,0,0,0,Safe
6,23,29.999999999999986,0,0,0,Safe
6,24,29.999999999999986,0,0,0,Safe
6,25,29.999999999999986,0,0,1,Safe
6,26,29.999999999999986,0,0,0,Safe
6,27,29.999999999999986,0,0,0,Safe
6,28,29.999999999999986,0,0,0,Safe
6,29,29.999999999999986,0,0,0,Safe
6,30,29.999999999999986,0,0,-1,Safe
6,31,29.999999999999986,0,0,0,Safe
6,32,29.999999999999986,0,0,0,Safe
6,33,29.999999999999986,0,0,1,Safe
6,34,29.999999999999986,0,0,-1,Safe
6,35,29.999999999999986,0,0,0,Safe
6,36,29.999999999999986,0,0,0,Safe
6,37,29.999999999999986,0,0,0,Safe
6,38,29.999999999999986,0,0,0,Safe
6,39,29.999999999999986,0,0,0,Safe
7,0,25.0,0,0,0,Safe
7,1,29.1455588268693,0,0,0,Safe
7,2,29.853986056331806,0,0,0,Safe
7,3,29.975047934935745,0,0,0,Safe
7,4,25.85017715878159,0,0,0,Safe
7,5,21.10653159355569,0,0,0,Safe
7,6,20.18909323058078,0,0,1,Safe
7,7,20.032313808353702,0,0,0,Safe
7,8,23.05680033401888,0,0,0,Safe
7,9,24.66793003955438,0,0,0,Safe
7,10,28.98200683091504,0,0,0,Safe
7,11,29.8260369444736,0,0,0,Safe
7,12,29.970271760550922,0,0,0,Safe
7,13,29.99491979364201,0,0,-1,Safe
7,14,29.999131852503943,0,0,0,Safe
7,15,29.99985164380701,0,0,0,Safe
7,16,29.999974647672087,0,0,0,Safe
7,17,29.99999566758544,0,0,0,Safe
7,18,29.99999925964132,0,0,0,Safe
7,19,29.999999873481414,0,0,0,Safe
7,20,29.999999978379456,0,0,1,Safe
7,21,29.999999996305306,0,0,0,Safe
7,22,29.999999999368622,0,0,0,Safe
7,23,29.999999999892108,0,0,0,Safe
7,24,29.999999999981565,0,0,-1,Safe
7,25,29.999999999996852,0,0,0,Safe
7,26,29.99999999999946,0,0,0,Safe
7,27,29.999999999999908,0,0,0,Safe
7,28,29.999999999999986,0,0,0,Safe
7,29,29.999999999999986,0,0,0,Safe
7,30,29.999999999999986,0,0,0,Safe
7,31,29.999999999999986,0,0,0,Safe
7,32,25.854441173130695,0,0,0,Safe
7,33,25.14601394366819,0,0,0,Safe
7,34,21.106354174807798,0,0,0,Safe
7,35,20.18906291180416,0,0,0,Safe
7,36,20.032308627231494,0,0,0,Safe
7,37,20.00552116427078,0,0,0,Safe
7,38,20.000943502015318,0,0,0,Safe
7,39,22.225516446860542,0,0,0,Safe
8,0,25.0,0,0,0,Safe
8,1,25.0,0,0,0,Safe
8,2,25.0,0,0,0,Safe
8,3,27.53364907863714,0,0,0,Safe
8,4,29.578529645079747,0,0,0,Safe
8,5,29.927975675100427,0,0,0,Safe
8,6,29.987691890267772,0,0,0,Safe
8,7,29.997896688856272,0,0,-1,Safe
8,8,29.999640568871776,0,0,0,Safe
8,9,29.999938577449026,0,0,0,Safe
8,10,29.9999895036087,0,0,0,Safe
8,11,29.99999820629022,0,0,0,Safe
8,12,29.999999693476102,1,0,1,Safe
8,13,29.99999994761867,1,0,0,Safe
8,14,29.999999991048647,1,0,0,Safe
8,15,29.999999998470322,1,0,0,Safe
8,16,29.99999999973859,1,0,0,Safe
8,17,29.99999999995533,1,0,0,Safe
8,18,29.999999999992365,1,0,0,Safe
8,19,29.999999999998696,1,0,0,Safe
8,20,29.99999999999978,1,0,0,Safe
8,21,29.99999999999996,1,0,-1,Safe
8,22,29.999999999999986,1,0,0,Safe
8,23,29.999999999999986,1,0,0,Safe
8,24,29.999999999999986,1,0,0,Safe
8,25,29.999999999999986,1,0,0,Safe
8,26,29.999999999999986,1,0,0,Safe
8,27,29.999999999999986,1,0,1,Safe
8,28,29.999999999999986,1,0,0,Safe
8,29,29.999999999999986,1,0,0,Safe
8,30,29.999999999999986,1,0,-1,Safe
8,31,29.999999999999986,1,0,0,Safe
8,32,29.999999999999986,1,0,0,Safe
8,33,29.999999999999986,1,0,0,Safe
8,34,29.999999999999986,1,0,0,Safe
8,35,29.999999999999986,1,0,0,Safe
8,36,26.948721715644723,1,0,0,Safe
8,37,25.333013613764148,1,0,0,Safe
8,38,22.005629824207357,1,0,0,Safe
8,39,20.34273853997233,1,0,0,Safe
9,0,25.0,0,0,0,Safe
9,1,25.0,0,0,0,Safe
9,2,28.267802919426906,0,0,0,Safe
9,3,29.70398789887631,0,0,0,Safe
9,4,29.949415014611,0,0,0,Safe
9,5,29.991355621148287,0,0,0,Safe
9,6,29.998522777358588,0,0,0,Safe
9,7,29.999747560030656,0,0,0,Safe
9,8,29.99995686097929,0,0,0,Safe
9,9,29.999992628048908,0,1,1,Safe
9,10,29.999998740220292,0,1,0,Safe
9,11,29.99999978471847,0,1,0,Safe
9,12,29.999999963210918,0,1,0,Safe
9,13,29.999999993713182,0,1,0,Safe
9,14,29.99999999892566,0,1,0,Safe
9,15,29.999999999816406,0,1,1,Safe
9,16,29.99999999996863,0,1,0,Safe
9,17,29.99999999999464,0,1,0,Safe
9,18,29.999999999999083,0,1,0,Safe
9,19,29.999999999999844,0,1,0,Safe
9,20,29.99999999999997,0,1,0,Safe
9,21,29.999999999999986,0,1,-1,Safe
9,22,25.961246319772034,0,1,0,Safe
9,23,24.60871013107116,0,1,0,Safe
9,24,20.787574338202354,0,1,0,Safe
9,25,20.134587188292254,0,1,0,Safe
9,26,20.022999367010556,0,1,0,Safe
9,27,20.00393032122595,0,1,0,Safe
9,28,20.00067164565582,0,1,0,Safe
9,29,20.000114776340418,0,1,0,Safe
9,30,20.00001961392619,0,1,0,Safe
9,31,20.00000335178922,0,1,0,Safe
9,32,20.000000572781342,0,1,0,Safe
9,33,20.000000097881593,0,1,0,Safe
9,34,20.000000016726812,0,1,0,Safe
9,35,20.000000002858414,0,1,0,Safe
9,36,20.000000000488466,0,1,0,Safe
9,37,21.878524615233605,0,1,1,Safe
9,38,24.466576582068317,0,1,0,Safe
9,39,28.17664713322832,0,1,0,Safe
10,0,25.0,0,0,0,Student
10,1,25.0,0,0,0,Student
10,2,25.0,0,0,0,Student
10,3,25.0,0,0,0,Student
10,4,25.0,0,1,1,Student
10,5,27.53364907863714,0,1,0,Student
10,6,29.578529645079747,0,1,0,Student
10,7,29.927975675100427,0,1,0,Student
10,8,29.987691890267772,0,1,0,Student
10,9,29.997896688856272,0,1,0,Student
10,10,29.999640568871776,0,2,-1,Student
10,11,29.999938577449026,0,2,0,Student
10,12,29.9999895036087,0,2,0,Student
10,13,29.99999820629022,0,2,0,Student
10,14,29.999999693476102,0,2,0,Student
10,15,29.99999994761867,0,2,0,Student
10,16,29.999999991048647,0,3,1,Student
10,17,29.999999998470322,0,4,-1,Student
10,18,29.99999999973859,0,4,0,Student
10,19,29.99999999995533,0,5,1,Student
10,20,29.999999999992365,0,5,0,Student
10,21,29.999999999998696,0,5,0,Student
10,22,29.99999999999978,0,6,-1,Student
10,23,29.99999999999996,0,6,0,Student
10,24,29.999999999999986,0,6,0,Student
10,25,29.999999999999986,0,6,0,Student
10,26,29.999999999999986,0,7,1,Student
10,27,29.999999999999986,0,7,0,Student
10,28,29.999999999999986,0,7,0,Student
10,29,29.999999999999986,0,7,0,Student
10,30,29.999999999999986,0,7,0,Student
10,31,29.999999999999986,0,7,0,Student
10,32,29.999999999999986,0,8,-1,Student
10,33,29.999999999999986,0,8,0,Student
10,34,29.999999999999986,0,8,0,Student
10,35,29.999999999999986,0,9,1,Student
10,36,29.999999999999986,0,9,0,Student
10,37,29.999999999999986,0,10,-1,Student
10,38,29.999999999999986,0,10,0,Student
10,39,29.999999999999986,0,11,1,Student
11,0,25.0,0,1,0,Student
11,1,25.0,0,1,0,Student
11,2,29.1455588268693,0,1,0,Student
11,3,29.853986056331806,0,1,0,Student
11,4,29.975047934935745,0,2,1,Student
11,5,29.995735985650892,0,2,0,Student
11,6,29.99927133011546,0,2,0,Student
11,7,29.999875478889802,0,2,0,Student
11,8,29.999978720807306,0,2,0,Student
11,9,29.999996363636328,0,3,-1,Student
11,10,29.99999937858823,0,3,0,Student
11,11,29.999999893808038,0,3,0,Student
11,12,29.99999998185304,0,4,1,Student
11,13,29.9999999968989,0,4,0,Student
11,14,29.99999999947006,0,5,-1,Student
11,15,29.99999999990944,0,5,0,Student
11,16,29.999999999984524,0,5,0,Student
11,17,29.999999999997357,0,5,0,Student
11,18,29.99999999999955,0,6,1,Student
11,19,29.999999999999922,0,6,0,Student
11,20,29.999999999999986,0,6,0,Student
11,21,29.999999999999986,0,6,0,Student
11,22,29.999999999999986,0,6,0,Student
11,23,29.999999999999986,0,6,0,Student
11,24,29.999999999999986,0,7,-1,Student
11,25,29.999999999999986,0,7,0,Student
11,26,29.999999999999986,0,7,0,Student
11,27,29.999999999999986,0,7,0,Student
11,28,29.999999999999986,0,7,0,Student
11,29,29.999999999999986,0,7,0,Student
11,30,29.999999999999986,0,8,1,Student
11,31,29.999999999999986,0,8,0,Student
11,32,29.999999999999986,0,8,0,Student
11,33,29.999999999999986,0,8,0,Student
11,34,29.999999999999986,0,8,0,Student
11,35,29.999999999999986,0,9,-1,Student
11,36,29.999999999999986,0,9,0,Student
11,37,29.999999999999986,0,9,0,Student
11,38,29.999999999999986,0,10,1,Student
11,39,29.999999999999986,0,10,0,Student
12,0,25.0,0,0,0,Student
12,1,25.0,0,0,0,Student
12,2,25.0,0,1,1,Student
12,3,25.0,0,1,0,Student
12,4,25.0,0,1,0,Student
12,5,25.0,0,2,-1,Student
12,6,25.0,0,2,0,Student
12,7,25.0,0,3,1,Student
12,8,25.0,0,3,0,Student
12,9,25.0,0,3,0,Student
12,10,25.0,0,3,0,Student
12,11,25.0,0,4,-1,Student
12,12,25.0,0,4,0,Student
12,13,25.0,0,5,1,Student
12,14,25.0,0,5,0,Student
12,15,25.0,0,5,0,Student
12,16,25.0,0,5,0,Student
12,17,25.0,0,6,-1,Student
12,18,26.488340192043896,0,6,0,Student
12,19,29.399898654810812,0,6,0,Student
12,20,29.897449740523847,0,6,0,Student
12,21,29.98247536719767,0,7,1,Student
12,22,29.997005246437936,0,7,0,Student
12,23,29.999488231850634,0,7,0,Student
12,24,29.999912544844413,0,7,0,Student
12,25,29.999985054942854,0,8,-1,Student
12,26,29.999997446065567,0,8,0,Student
12,27,29.999999563562653,0,9,1,Student
12,28,29.99999992541799,0,9,0,Student
12,29,29.99999998725481,0,9,1,Student
12,30,29.999999997822,0,9,0,Student
12,31,29.999999999627804,0,9,-1,Student
12,32,29.9999999999364,0,9,0,Student
12,33,29.99999999998913,0,10,-1,Student
12,34,29.999999999998142,0,10,0,Student
12,35,29.999999999999684,0,10,0,Student
12,36,29.999999999999943,0,10,0,Student
12,37,29.999999999999986,0,11,1,Student
12,38,29.999999999999986,0,11,0,Student
12,39,29.999999999999986,0,11,0,Student
13,0,25.0,0,0,0,Student
13,1,29.1455588268693,0,0,0,Student
13,2,29.853986056331806,0,0,0,Student
13,3,29.975047934935745,0,0,0,Student
13,4,29.995735985650892,0,0,-1,Student
13,5,29.99927133011546,0,0,0,Student
13,6,26.7320725594629,0,0,0,Student
13,7,25.295990821930996,1,0,0,Student
13,8,25.05058134902533,2,1,-1,Student
13,9,25.008643757439952,2,1,0,Student
13,10,25.00147711644945,2,2,1,Student
13,11,25.00025242182238,2,2,0,Student
13,12,28.63139359077543,2,2,0,Student
13,13,29.766121266829593,2,2,0,Student
13,14,29.960032876171915,2,2,0,Student
13,15,29.993170088765932,2,2,0,Student
13,16,29.998832848526558,2,3,-1,Student
13,17,29.999800547545163,2,3,0,Student
13,18,29.999965915922104,2,3,0,Student
13,19,29.999994175432096,2,3,0,Student
13,20,29.99999900464987,2,4,1,Student
13,21,29.999999829906372,2,4,0,Student
13,22,29.999999970932997,2,5,-1,Student
13,23,29.99999999503279,2,5,0,Student
13,24,29.99999999915116,2,5,0,Student
13,25,29.999999999854943,2,6,1,Student
13,26,29.999999999975213,2,6,0,Student
13,27,29.999999999995765,2,7,-1,Student
13,28,29.999999999999275,2,7,0,Student
13,29,29.999999999999876,2,7,0,Student
13,30,29.99999999999998,2,8,1,Student
13,31,29.999999999999986,2,9,-1,Student
13,32,29.999999999999986,2,9,0,Student
13,33,29.999999999999986,2,9,0,Student
13,34,29.999999999999986,2,10,1,Student
13,35,29.999999999999986,2,10,0,Student
13,36,29.999999999999986,2,11,-1,Student
13,37,29.999999999999986,2,11,0,Student
13,38,29.999999999999986,2,11,0,Student
13,39,29.999999999999986,2,11,0,Student
14,0,25.0,0,0,0,Student
14,1,25.0,0,0,1,Student
14,2,25.0,0,0,-1,Student
14,3,28.05127828435527,0,0,0,Student
14,4,29.66698638623585,0,0,0,Student
14,5,29.943091891437373,0,0,0,Student
14,6,29.99027507379182,0,0,0,Student
14,7,29.998338124528413,0,0,0,Student
14,8,29.99971600503449,0,0,0,Student
14,9,29.9999514686017,0,1,-1,Student
14,10,29.999991706555022,0,1,0,Student
14,11,29.99999858274783,0,1,0,Student
14,12,29.99999975780828,0,2,1,Student
14,13,29.999999958612282,0,2,0,Student
14,14,29.99999999292733,0,2,0,Student
14,15,29.999999998791367,0,3,-1,Student
14,16,29.999999999793456,0,3,0,Student
14,17,29.999999999964707,0,3,0,Student
14,18,29.999999999993967,0,3,-1,Student
14,19,29.99999999999897,0,3,0,Student
14,20,29.999999999999826,0,3,0,Student
14,21,29.999999999999968,0,3,0,Student
14,22,29.999999999999986,0,3,1,Student
14,23,29.999999999999986,0,4,1,Student
14,24,29.999999999999986,0,4,0,Student
14,25,29.999999999999986,0,4,0,Student
14,26,29.999999999999986,0,4,0,Student
14,27,29.999999999999986,0,4,1,Student
14,28,29.999999999999986,0,4,0,Student
14,29,29.999999999999986,0,4,-1,Student
14,30,29.999999999999986,0,5,-1,Student
14,31,29.999999999999986,0,5,0,Student
14,32,29.999999999999986,0,5,0,Student
14,33,29.999999999999986,0,6,1,Student
14,34,29.999999999999986,0,6,0,Student
14,35,29.999999999999986,0,6,0,Student
14,36,29.999999999999986,0,7,-1,Student
14,37,29.999999999999986,0,7,0,Student
14,38,29.999999999999986,0,8,1,Student
14,39,29.999999999999986,0,8,0,Student
15,0,25.0,0,0,0,Student
15,1,25.0,0,0,0,Student
15,2,25.0,0,1,1,Student
15,3,27.80768806989968,0,1,0,Student
15,4,29.62535968451533,0,1,0,Student
15,5,29.935978377867045,0,2,-1,Student
15,6,29.9890594580158,0,2,0,Student
15,7,29.998130390094463,0,2,0,Student
15,8,29.9996805056638,0,3,1,Student
15,9,29.999945402176913,0,3,0,Student
15,10,29.9999906698744,0,3,0,Student
15,11,29.999998405591306,0,3,0,Student
15,12,29.999999727534313,0,3,0,Student
15,13,29.999999953438817,0,3,0,Student
15,14,29.999999992043243,0,4,-1,Student
15,15,29.999999998640288,0,4,0,Student
15,16,29.99999999976764,0,4,0,Student
15,17,29.999999999960295,0,4,0,Student
15,18,29.999999999993214,0,5,1,Student
15,19,29.999999999998842,0,5,0,Student
15,20,29.999999999999805,0,5,0,Student
15,21,29.999999999999964,0,6,-1,Student
15,22,29.999999999999986,0,6,0,Student
15,23,29.999999999999986,0,6,0,Student
15,24,29.999999999999986,0,6,0,Student
15,25,29.999999999999986,0,7,1,Student
15,26,29.999999999999986,0,7,0,Student
15,27,29.999999999999986,0,7,0,Student
15,28,29.999999999999986,0,8,-1,Student
15,29,29.999999999999986,0,8,0,Student
15,30,29.999999999999986,0,8,0,Student
15,31,29.999999999999986,0,9,1,Student
15,32,29.999999999999986,0,9,0,Student
15,33,29.999999999999986,0,9,0,Student
15,34,29.999999999999986,0,9,0,Student
15,35,29.999999999999986,0,10,-1,Student
15,36,29.999999999999986,0,10,0,Student
15,37,29.999999999999986,0,11,1,Student
15,38,29.999999999999986,0,12,-1,Student
15,39,29.999999999999986,0,12,0,Student
16,0,25.0,0,0,0,Student
16,1,25.0,0,0,0,Student
16,2,25.0,0,0,-1,Student
16,3,25.0,0,1,-1,Student
16,4,25.0,0,1,0,Student
16,5,25.0,0,1,0,Student
16,6,25.0,0,1,0,Student
16,7,25.0,0,1,0,Student
16,8,25.0,0,1,0,Student
16,9,25.0,0,1,0,Student
16,10,25.0,0,1,0,Student
16,11,25.0,1,2,1,Student
16,12,25.0,1,2,0,Student
16,13,25.0,1,2,0,Student
16,14,25.0,1,3,-1,Student
16,15,25.0,1,3,0,Student
16,16,25.0,1,3,0,Student
16,17,25.0,1,4,1,Student
16,18,25.0,1,4,0,Student
16,19,25.0,1,5,-1,Student
16,20,26.488340192043896,1,5,0,Student
16,21,29.399898654810812,1,5,0,Student
16,22,29.897449740523847,1,5,0,Student
16,23,29.98247536719767,1,6,1,Student
16,24,29.997005246437936,1,7,-1,Student
16,25,29.999488231850634,1,7,0,Student
16,26,29.999912544844413,1,7,0,Student
16,27,29.999985054942854,1,8,1,Student
16,28,29.999997446065567,1,8,0,Student
16,29,29.999999563562653,1,8,0,Student
16,30,29.99999992541799,1,9,-1,Student
16,31,29.99999998725481,1,9,0,Student
16,32,29.999999997822,1,9,0,Student
16,33,29.999999999627804,1,9,0,Student
16,34,29.9999999999364,1,9,0,Student
16,35,29.99999999998913,1,10,1,Student
16,36,29.999999999998142,1,10,0,Student
16,37,29.999999999999684,1,11,-1,Student
16,38,29.999999999999943,1,11,0,Student
16,39,29.999999999999986,1,11,0,Student
17,0,25.0,0,0,0,Student
17,1,25.0,0,0,1,Student
17,2,25.0,0,0,-1,Student
17,3,25.555555555555557,0,0,0,Student
17,4,29.240496734994935,0,0,0,Student
17,5,29.870209827850495,0,0,0,Student
17,6,29.97782038660955,0,1,-1,Student
17,7,29.996209765023014,0,1,0,Student
17,8,29.99935229343596,0,1,0,Student
17,9,29.999889314568712,0,2,1,Student
17,10,29.999981085162048,0,2,0,Student
17,11,29.999996767676734,0,2,0,Student
17,12,29.999999447633982,0,2,0,Student
17,13,29.999999905607144,0,3,-1,Student
17,14,29.99999998386937,0,3,0,Student
17,15,29.999999997243467,0,3,0,Student
17,16,29.999999999528942,0,3,0,Student
17,17,29.999999999919503,0,4,1,Student
17,18,29.999999999986244,0,4,0,Student
17,19,29.99999999999765,0,4,0,Student
17,20,29.9999999999996,0,4,0,Student
17,21,29.99999999999993,0,4,0,Student
17,22,29.999999999999986,0,5,-1,Student
17,23,29.999999999999986,0,5,0,Student
17,24,29.999999999999986,0,6,1,Student
17,25,29.999999999999986,0,6,0,Student
17,26,29.999999999999986,0,6,0,Student
17,27,29.999999999999986,0,6,0,Student
17,28,29.999999999999986,0,6,0,Student
17,29,29.999999999999986,0,6,0,Student
17,30,29.999999999999986,0,7,-1,Student
17,31,29.999999999999986,0,7,0,Student
17,32,29.999999999999986,0,7,0,Student
17,33,29.999999999999986,0,8,1,Student
17,34,29.999999999999986,0,8,0,Student
17,35,29.999999999999986,0,8,0,Student
17,36,29.999999999999986,0,9,-1,Student
17,37,29.999999999999986,0,9,0,Student
17,38,29.999999999999986,0,10,1,Student
17,39,29.999999999999986,0,10,0,Student
18,0,25.0,0,0,0,Student
18,1,25.0,0,0,0,Student
18,2,28.631350454855827,0,0,0,Student
18,3,29.76611389540844,0,0,0,Student
18,4,29.960031616482766,0,0,-1,Student
18,5,29.99316987349988,0,0,0,Student
18,6,29.99883281174012,0,0,0,Student
18,7,29.99980054125879,0,0,0,Student
18,8,29.999965914847834,0,1,-1,Student
18,9,29.999994175248517,0,1,0,Student
18,10,29.999999004618502,0,1,0,Student
18,11,29.99999982990101,0,2,1,Student
18,12,29.99999997093208,0,2,0,Student
18,13,29.99999999503264,0,2,0,Student
18,14,29.99999999915114,0,2,0,Student
18,15,29.99999999985494,0,2,0,Student
18,16,29.999999999975213,0,3,-1,Student
18,17,29.999999999995765,0,3,0,Student
18,18,29.999999999999275,0,3,0,Student
18,19,29.999999999999876,0,4,1,Student
18,20,29.99999999999998,0,4,0,Student
18,21,29.999999999999986,0,4,0,Student
18,22,29.999999999999986,0,4,0,Student
18,23,29.999999999999986,0,4,0,Student
18,24,29.999999999999986,0,4,0,Student
18,25,29.999999999999986,0,5,-1,Student
18,26,29.999999999999986,0,5,0,Student
18,27,29.999999999999986,0,6,1,Student
18,28,29.999999999999986,0,7,-1,Student
18,29,29.999999999999986,0,8,1,Student
18,30,29.999999999999986,0,8,0,Student
18,31,29.999999999999986,0,8,0,Student
18,32,29.999999999999986,0,8,0,Student
18,33,29.999999999999986,0,9,-1,Student
18,34,29.999999999999986,0,9,0,Student
18,35,29.999999999999986,0,9,0,Student
18,36,29.999999999999986,0,9,0,Student
18,37,29.999999999999986,0,10,1,Student
18,38,29.999999999999986,0,10,0,Student
18,39,29.999999999999986,0,10,0,Student
19,0,25.0,0,0,0,Student
19,1,25.0,0,0,0,Student
19,2,27.225355213466784,0,1,-1,Student
19,3,29.525845850714717,0,1,0,Student
19,4,29.91897263448798,0,1,0,Student
19,5,29.986153376551243,0,2,1,Student
19,6,29.997633774963308,0,2,0,Student
19,7,29.999595639980747,0,2,0,Student
19,8,29.999930899630154,0,2,0,Student
19,9,29.999988191559787,0,3,-1,Student
19,10,29.999997982076497,0,3,0,Student
19,11,29.999999655160615,0,4,1,Student
19,12,29.999999941071003,0,5,-1,Student
19,13,29.999999989929726,0,5,0,Student
19,14,29.99999999827911,0,5,0,Student
19,15,29.999999999705917,0,6,1,Student
19,16,29.999999999949747,0,6,0,Student
19,17,29.99999999999141,0,7,-1,Student
19,18,29.999999999998533,0,7,0,Student
19,19,29.99999999999975,0,7,0,Student
19,20,29.999999999999957,0,8,1,Student
19,21,29.999999999999986,0,8,0,Student
19,22,29.999999999999986,0,8,0,Student
19,23,29.999999999999986,0,8,0,Student
19,24,29.999999999999986,0,9,-1,Student
19,25,29.999999999999986,0,9,0,Student
19,26,29.999999999999986,0,10,1,Student
19,27,29.999999999999986,0,10,0,Student
19,28,29.999999999999986,0,10,0,Student
19,29,29.999999999999986,0,10,0,Student
19,30,29.999999999999986,0,10,0,Student
19,31,29.999999999999986,0,11,-1,Student
19,32,29.999999999999986,0,12,1,Student
19,33,29.999999999999986,0,12,0,Student
19,34,29.999999999999986,0,13,-1,Student
19,35,29.999999999999986,0,13,0,Student
19,36,29.999999999999986,0,13,0,Student
19,37,29.999999999999986,0,14,1,Student
19,38,29.999999999999986,0,14,0,Student
19,39,29.999999999999986,0,15,-1,Student
20,0,25.0,0,0,0,Demolition
20,1,25.0,0,0,0,Demolition
20,2,25.555555555555557,0,0,-1,Demolition
20,3,29.240496734994935,0,0,0,Demolition
20,4,29.870209827850495,0,0,0,Demolition
20,5,29.97782038660955,0,0,0,Demolition
20,6,29.996209765023014,0,0,0,Demolition
20,7,29.99935229343596,0,0,0,Demolition
20,8,29.999889314568712,0,0,0,Demolition
20,9,29.999981085162048,1,0,1,Demolition
20,10,29.999996767676734,2,0,-1,Demolition
20,11,29.999999447633982,2,0,0,Demolition
20,12,29.999999905607144,3,0,1,Demolition
20,13,29.99999998386937,3,0,0,Demolition
20,14,29.999999997243467,3,0,0,Demolition
20,15,29.999999999528942,3,0,0,Demolition
20,16,29.999999999919503,4,0,-1,Demolition
20,17,29.999999999986244,4,0,0,Demolition
20,18,29.99999999999765,4,0,0,Demolition
20,19,29.9999999999996,4,0,0,Demolition
20,20,29.99999999999993,5,0,1,Demolition
20,21,29.999999999999986,5,0,0,Demolition
20,22,29.999999999999986,5,0,0,Demolition
20,23,29.999999999999986,5,0,0,Demolition
20,24,29.999999999999986,5,0,0,Demolition
20,25,29.999999999999986,6,0,-1,Demolition
20,26,29.999999999999986,6,0,0,Demolition
20,27,29.999999999999986,6,0,0,Demolition
20,28,29.999999999999986,6,0,0,Demolition
20,29,29.999999999999986,6,0,0,Demolition
20,30,29.999999999999986,6,0,0,Demolition
20,31,29.999999999999986,7,0,1,Demolition
20,32,29.999999999999986,7,0,0,Demolition
20,33,29.999999999999986,7,0,0,Demolition
20,34,29.999999999999986,8,0,0,Demolition
20,35,29.999999999999986,8,0,-1,Demolition
20,36,29.999999999999986,8,0,0,Demolition
20,37,29.999999999999986,8,0,0,Demolition
20,38,29.999999999999986,9,0,0,Demolition
20,39,29.999999999999986,10,0,1,Demolition
21,0,25.0,0,0,0,Demolition
21,1,29.1455588268693,0,0,0,Demolition
21,2,29.853986056331806,0,0,0,Demolition
21,3,29.975047934935745,1,0,-1,Demolition
21,4,29.995735985650892,1,0,0,Demolition
21,5,29.99927133011546,1,0,0,Demolition
21,6,29.999875478889802,1,0,0,Demolition
21,7,29.999978720807306,2,0,1,Demolition
21,8,29.999996363636328,2,0,0,Demolition
21,9,29.99999937858823,2,0,0,Demolition
21,10,29.999999893808038,2,0,0,Demolition
21,11,29.99999998185304,3,0,-1,Demolition
21,12,29.9999999968989,4,0,0,Demolition
21,13,29.99999999947006,5,0,1,Demolition
21,14,29.99999999990944,5,0,0,Demolition
21,15,29.999999999984524,5,0,0,Demolition
21,16,29.999999999997357,5,0,0,Demolition
21,17,29.99999999999955,5,0,0,Demolition
21,18,29.999999999999922,5,0,0,Demolition
21,19,29.999999999999986,6,0,-1,Demolition
21,20,29.999999999999986,6,0,0,Demolition
21,21,29.999999999999986,6,0,0,Demolition
21,22,29.999999999999986,6,0,0,Demolition
21,23,29.999999999999986,6,0,0,Demolition
21,24,29.999999999999986,7,0,0,Demolition
21,25,29.999999999999986,7,0,1,Demolition
21,26,29.999999999999986,7,0,0,Demolition
21,27,29.999999999999986,7,0,0,Demolition
21,28,29.999999999999986,7,0,0,Demolition
21,29,29.999999999999986,7,0,0,Demolition
21,30,29.999999999999986,7,0,0,Demolition
21,31,29.999999999999986,8,0,0,Demolition
21,32,29.999999999999986,9,0,-1,Demolition
21,33,29.999999999999986,9,0,0,Demolition
21,34,29.999999999999986,10,0,1,Demolition
21,35,29.999999999999986,10,0,0,Demolition
21,36,29.999999999999986,10,0,0,Demolition
21,37,29.999999999999986,10,0,0,Demolition
21,38,29.999999999999986,10,0,0,Demolition
21,39,29.999999999999986,10,0,0,Demolition
22,0,25.0,0,0,0,Demolition
22,1,29.1455588268693,0,0,0,Demolition
22,2,29.853986056331806,0,0,-1,Demolition
22,3,29.975047934935745,1,0,0,Demolition
22,4,29.995735985650892,1,0,0,Demolition
22,5,29.99927133011546,1,0,0,Demolition
22,6,29.999875478889802,1,0,0,Demolition
22,7,29.999978720807306,2,0,1,Demolition
22,8,29.999996363636328,2,0,0,Demolition
22,9,29.99999937858823,2,0,0,Demolition
22,10,29.999999893808038,2,0,0,Demolition
22,11,29.99999998185304,2,0,0,Demolition
22,12,29.9999999968989,2,0,0,Demolition
22,13,29.99999999947006,2,0,0,Demolition
22,14,29.99999999990944,2,0,0,Demolition
22,15,29.999999999984524,2,0,0,Demolition
22,16,29.999999999997357,3,0,-1,Demolition
22,17,29.99999999999955,3,0,0,Demolition
22,18,29.999999999999922,3,0,0,Demolition
22,19,29.999999999999986,3,0,0,Demolition
22,20,29.999999999999986,3,0,0,Demolition
22,21,29.999999999999986,3,0,0,Demolition
22,22,29.999999999999986,3,0,0,Demolition
22,23,29.999999999999986,3,0,0,Demolition
22,24,29.999999999999986,3,0,1,Demolition
22,25,29.999999999999986,3,0,0,Demolition
22,26,29.999999999999986,4,0,-1,Demolition
22,27,29.999999999999986,5,0,0,Demolition
22,28,29.999999999999986,5,0,0,Demolition
22,29,29.999999999999986,5,0,0,Demolition
22,30,29.999999999999986,5,0,0,Demolition
22,31,29.999999999999986,6,0,1,Demolition
22,32,29.999999999999986,6,0,0,Demolition
22,33,29.999999999999986,7,0,-1,Demolition
22,34,29.999999999999986,7,0,0,Demolition
22,35,29.999999999999986,7,0,0,Demolition
22,36,29.999999999999986,7,0,0,Demolition
22,37,29.999999999999986,8,0,1,Demolition
22,38,29.999999999999986,8,0,0,Demolition
22,39,29.999999999999986,8,0,0,Demolition
23,0,25.0,0,0,0,Demolition
23,1,29.1455588268693,0,0,0,Demolition
23,2,29.853986056331806,0,0,0,Demolition
23,3,29.975047934935745,0,0,1,Demolition
23,4,29.995735985650892,0,0,0,Demolition
23,5,29.99927133011546,1,0,-1,Demolition
23,6,29.999875478889802,1,0,0,Demolition
23,7,29.999978720807306,1,0,0,Demolition
23,8,29.999996363636328,2,0,1,Demolition
23,9,29.99999937858823,2,0,0,Demolition
23,10,29.999999893808038,2,0,0,Demolition
23,11,29.99999998185304,2,0,0,Demolition
23,12,29.9999999968989,3,0,-1,Demolition
23,13,29.99999999947006,3,0,0,Demolition
23,14,29.99999999990944,3,0,0,Demolition
23,15,29.999999999984524,3,0,0,Demolition
23,16,29.999999999997357,4,0,1,Demolition
23,17,29.99999999999955,4,0,0,Demolition
23,18,29.999999999999922,4,0,0,Demolition
23,19,29.999999999999986,4,0,0,Demolition
23,20,29.999999999999986,4,0,-1,Demolition
23,21,29.999999999999986,4,0,0,Demolition
23,22,29.999999999999986,5,0,1,Demolition
23,23,29.999999999999986,5,0,0,Demolition
23,24,29.999999999999986,5,0,0,Demolition
23,25,29.999999999999986,6,0,0,Demolition
23,26,29.999999999999986,7,0,-1,Demolition
23,27,29.999999999999986,7,0,0,Demolition
23,28,29.999999999999986,7,0,0,Demolition
23,29,29.999999999999986,8,0,0,Demolition
23,30,29.999999999999986,9,0,1,Demolition
23,31,29.999999999999986,9,0,0,Demolition
23,32,29.999999999999986,9,0,0,Demolition
23,33,29.999999999999986,10,0,-1,Demolition
23,34,29.999999999999986,10,0,0,Demolition
23,35,29.999999999999986,10,0,0,Demolition
23,36,29.999999999999986,10,0,0,Demolition
23,37,29.999999999999986,10,0,0,Demolition
23,38,29.999999999999986,11,0,1,Demolition
23,39,29.999999999999986,11,0,0,Demolition
24,0,25.0,0,0,0,Demolition
24,1,29.1455588268693,0,0,0,Demolition
24,2,29.853986056331806,1,0,0,Demolition
24,3,29.975047934935745,1,0,-1,Demolition
24,4,29.995735985650892,1,0,0,Demolition
24,5,29.99927133011546,1,0,0,Demolition
24,6,29.999875478889802,1,0,0,Demolition
24,7,29.999978720807306,1,0,0,Demolition
24,8,29.999996363636328,1,0,0,Demolition
24,9,29.99999937858823,2,0,1,Demolition
24,10,29.999999893808038,2,0,0,Demolition
24,11,29.99999998185304,2,0,0,Demolition
24,12,29.9999999968989,2,0,0,Demolition
24,13,29.99999999947006,2,0,0,Demolition
24,14,29.99999999990944,2,0,0,Demolition
24,15,29.999999999984524,2,0,0,Demolition
24,16,29.999999999997357,3,0,-1,Demolition
24,17,29.99999999999955,3,0,0,Demolition
24,18,29.999999999999922,3,0,0,Demolition
24,19,29.999999999999986,3,0,0,Demolition
24,20,29.999999999999986,3,0,0,Demolition
24,21,29.999999999999986,3,0,1,Demolition
24,22,29.999999999999986,4,0,0,Demolition
24,23,29.999999999999986,4,0,0,Demolition
24,24,29.999999999999986,5,0,-1,Demolition
24,25,29.999999999999986,5,0,0,Demolition
24,26,29.999999999999986,5,0,0,Demolition
24,27,29.999999999999986,5,0,0,Demolition
24,28,29.999999999999986,5,0,0,Demolition
24,29,29.999999999999986,5,0,1,Demolition
24,30,29.999999999999986,5,0,0,Demolition
24,31,29.999999999999986,5,0,0,Demolition
24,32,29.999999999999986,6,0,-1,Demolition
24,33,29.999999999999986,6,0,0,Demolition
24,34,29.999999999999986,6,0,0,Demolition
24,35,29.999999999999986,6,0,0,Demolition
24,36,29.999999999999986,6,0,0,Demolition
24,37,29.999999999999986,6,0,0,Demolition
24,38,29.999999999999986,6,0,0,Demolition
24,39,29.999999999999986,6,0,0,Demolition
25,0,25.0,0,0,0,Demolition
25,1,29.1455588268693,0,0,0,Demolition
25,2,29.853986056331806,0,0,0,Demolition
25,3,29.975047934935745,0,0,0,Demolition
25,4,29.995735985650892,0,0,0,Demolition
25,5,29.99927133011546,0,1,-1,Demolition
25,6,29.999875478889802,1,1,-1,Demolition
25,7,29.999978720807306,1,1,0,Demolition
25,8,29.999996363636328,1,1,0,Demolition
25,9,29.99999937858823,2,1,1,Demolition
25,10,29.999999893808038,2,1,0,Demolition
25,11,29.99999998185304,2,1,0,Demolition
25,12,29.9999999968989,2,1,0,Demolition
25,13,29.99999999947006,2,1,0,Demolition
25,14,29.99999999990944,3,1,0,Demolition
25,15,29.999999999984524,4,1,-1,Demolition
25,16,29.999999999997357,5,1,1,Demolition
25,17,29.99999999999955,5,1,0,Demolition
25,18,29.999999999999922,5,1,0,Demolition
25,19,29.999999999999986,5,1,0,Demolition
25,20,29.999999999999986,6,1,0,Demolition
25,21,29.999999999999986,6,1,-1,Demolition
25,22,29.999999999999986,6,1,0,Demolition
25,23,29.999999999999986,6,1,0,Demolition
25,24,29.999999999999986,6,1,0,Demolition
25,25,29.999999999999986,7,1,1,Demolition
25,26,29.999999999999986,7,1,0,Demolition
25,27,29.999999999999986,7,1,0,Demolition
25,28,29.999999999999986,8,1,-1,Demolition
25,29,29.999999999999986,8,1,0,Demolition
25,30,29.999999999999986,8,1,0,Demolition
25,31,29.999999999999986,8,1,0,Demolition
25,32,29.999999999999986,8,1,0,Demolition
25,33,29.999999999999986,8,1,0,Demolition
25,34,29.999999999999986,9,1,0,Demolition
25,35,29.999999999999986,10,1,1,Demolition
25,36,29.999999999999986,10,1,0,Demolition
25,37,29.999999999999986,10,1,0,Demolition
25,38,29.999999999999986,11,1,0,Demolition
25,39,29.999999999999986,12,1,-1,Demolition
26,0,25.0,0,0,0,Demolition
26,1,29.1455588268693,0,0,0,Demolition
26,2,29.853986056331806,0,0,0,Demolition
26,3,29.975047934935745,0,0,0,Demolition
26,4,29.995735985650892,0,0,0,Demolition
26,5,29.99927133011546,1,0,-1,Demolition
26,6,29.999875478889802,1,0,0,Demolition
26,7,29.999978720807306,1,0,1,Demolition
26,8,29.999996363636328,2,0,0,Demolition
26,9,29.99999937858823,3,0,-1,Demolition
26,10,29.999999893808038,3,0,0,Demolition
26,11,29.99999998185304,3,0,0,Demolition
26,12,29.9999999968989,3,0,0,Demolition
26,13,29.99999999947006,3,0,0,Demolition
26,14,29.99999999990944,3,0,0,Demolition
26,15,29.999999999984524,3,0,0,Demolition
26,16,29.999999999997357,3,0,0,Demolition
26,17,29.99999999999955,3,0,0,Demolition
26,18,29.999999999999922,3,0,0,Demolition
26,19,29.999999999999986,4,0,1,Demolition
26,20,29.999999999999986,5,0,-1,Demolition
26,21,29.999999999999986,6,0,0,Demolition
26,22,29.999999999999986,6,0,0,Demolition
26,23,29.999999999999986,6,0,0,Demolition
26,24,29.999999999999986,6,0,0,Demolition
26,25,29.999999999999986,6,0,0,Demolition
26,26,29.999999999999986,7,0,1,Demolition
26,27,29.999999999999986,7,0,0,Demolition
26,28,29.999999999999986,8,0,-1,Demolition
26,29,29.999999999999986,8,0,0,Demolition
26,30,29.999999999999986,8,0,0,Demolition
26,31,29.999999999999986,8,0,0,Demolition
26,32,29.999999999999986,8,0,0,Demolition
26,33,29.999999999999986,8,0,0,Demolition
26,34,29.999999999999986,8,0,0,Demolition
26,35,29.999999999999986,9,0,1,Demolition
26,36,29.999999999999986,10,0,-1,Demolition
26,37,29.999999999999986,10,0,0,Demolition
26,38,29.999999999999986,10,0,0,Demolition
26,39,29.999999999999986,10,0,0,Demolition
27,0,25.0,0,0,0,Demolition
27,1,29.1455588268693,0,0,0,Demolition
27,2,29.853986056331806,0,0,0,Demolition
27,3,29.975047934935745,0,0,1,Demolition
27,4,29.995735985650892,0,0,0,Demolition
27,5,29.99927133011546,0,0,0,Demolition
27,6,29.999875478889802,1,0,-1,Demolition
27,7,29.999978720807306,1,0,0,Demolition
27,8,29.999996363636328,2,0,1,Demolition
27,9,29.99999937858823,2,1,1,Demolition
27,10,29.999999893808038,2,1,0,Demolition
27,11,29.99999998185304,2,1,0,Demolition
27,12,29.9999999968989,2,1,0,Demolition
27,13,29.99999999947006,3,1,0,Demolition
27,14,29.99999999990944,4,1,1,Demolition
27,15,29.999999999984524,4,1,0,Demolition
27,16,29.999999999997357,4,1,0,Demolition
27,17,29.99999999999955,4,1,0,Demolition
27,18,29.999999999999922,4,1,0,Demolition
27,19,29.999999999999986,4,1,0,Demolition
27,20,29.999999999999986,4,1,0,Demolition
27,21,29.999999999999986,4,1,0,Demolition
27,22,29.999999999999986,4,1,0,Demolition
27,23,29.999999999999986,4,1,0,Demolition
27,24,29.999999999999986,4,1,0,Demolition
27,25,29.999999999999986,4,1,-1,Demolition
27,26,29.999999999999986,4,1,0,Demolition
27,27,29.999999999999986,5,1,1,Demolition
27,28,29.999999999999986,5,1,0,Demolition
27,29,29.999999999999986,5,1,0,Demolition
27,30,29.999999999999986,5,1,0,Demolition
27,31,29.999999999999986,5,1,0,Demolition
27,32,29.999999999999986,5,1,0,Demolition
27,33,29.999999999999986,5,1,0,Demolition
27,34,29.999999999999986,5,1,0,Demolition
27,35,29.999999999999986,5,1,0,Demolition
27,36,29.999999999999986,5,1,0,Demolition
27,37,29.999999999999986,5,1,0,Demolition
27,38,29.999999999999986,5,1,0,Demolition
27,39,29.999999999999986,5,1,0,Demolition
28,0,25.0,0,1,0,Demolition
28,1,26.87852461515013,0,1,0,Demolition
28,2,29.466576582054056,0,1,0,Demolition
28,3,29.908844213798975,0,1,0,Demolition
28,4,29.98442254862015,0,1,0,Demolition
28,5,29.99733799683372,1,1,-1,Demolition
28,6,29.99954509497834,1,1,0,Demolition
28,7,29.999922262083924,2,1,0,Demolition
28,8,29.99998671550476,2,1,1,Demolition
28,9,29.99999772983606,2,1,0,Demolition
28,10,29.999999612055692,2,0,0,Demolition
28,11,29.999999933704878,2,0,0,Demolition
28,12,29.999999988670943,3,0,0,Demolition
28,13,29.999999998064002,4,0,-1,Demolition
28,14,29.999999999669157,5,0,0,Demolition
28,15,29.999999999943466,6,0,1,Demolition
28,16,29.999999999990337,6,0,0,Demolition
28,17,29.999999999998348,6,0,0,Demolition
28,18,29.99999999999972,6,0,0,Demolition
28,19,29.99999999999995,7,0,0,Demolition
28,20,29.999999999999986,7,0,-1,Demolition
28,21,29.999999999999986,7,0,0,Demolition
28,22,29.999999999999986,7,0,0,Demolition
28,23,29.999999999999986,7,0,0,Demolition
28,24,29.999999999999986,7,0,0,Demolition
28,25,29.999999999999986,7,0,0,Demolition
28,26,29.999999999999986,7,0,0,Demolition
28,27,29.999999999999986,8,0,1,Demolition
28,28,29.999999999999986,9,0,-1,Demolition
28,29,29.999999999999986,9,0,0,Demolition
28,30,29.999999999999986,9,0,0,Demolition
28,31,29.999999999999986,9,0,0,Demolition
28,32,29.999999999999986,10,0,1,Demolition
28,33,29.999999999999986,10,0,0,Demolition
28,34,29.999999999999986,10,0,0,Demolition
28,35,29.999999999999986,11,0,-1,Demolition
28,36,29.999999999999986,11,0,0,Demolition
28,37,29.999999999999986,11,0,0,Demolition
28,38,29.999999999999986,12,0,1,Demolition
28,39,29.999999999999986,13,0,0,Demolition
29,0,25.0,0,0,0,Demolition
29,1,27.80768806989968,0,0,0,Demolition
29,2,29.62535968451533,0,0,0,Demolition
29,3,29.935978377867045,1,0,1,Demolition
29,4,29.9890594580158,1,0,0,Demolition
29,5,29.998130390094463,1,0,0,Demolition
29,6,29.9996805056638,2,0,-1,Demolition
29,7,29.999945402176913,2,0,0,Demolition
29,8,29.9999906698744,2,0,0,Demolition
29,9,29.999998405591306,2,0,0,Demolition
29,10,29.999999727534313,2,0,0,Demolition
29,11,29.999999953438817,2,0,0,Demolition
29,12,29.999999992043243,3,0,1,Demolition
29,13,29.999999998640288,3,0,0,Demolition
29,14,29.99999999976764,3,0,0,Demolition
29,15,29.999999999960295,3,0,0,Demolition
29,16,29.999999999993214,3,0,0,Demolition
29,17,29.999999999998842,3,0,0,Demolition
29,18,29.999999999999805,3,0,0,Demolition
29,19,29.999999999999964,4,0,-1,Demolition
29,20,29.999999999999986,4,0,0,Demolition
29,21,29.999999999999986,4,0,0,Demolition
29,22,29.999999999999986,4,0,0,Demolition
29,23,29.999999999999986,4,0,0,Demolition
29,24,29.999999999999986,5,0,1,Demolition
29,25,29.999999999999986,5,0,0,Demolition
29,26,29.999999999999986,5,0,0,Demolition
29,27,29.999999999999986,5,0,0,Demolition
29,28,29.999999999999986,5,0,0,Demolition
29,29,29.999999999999986,5,0,0,Demolition
29,30,29.999999999999986,5,0,0,Demolition
29,31,29.999999999999986,5,0,0,Demolition
29,32,29.999999999999986,6,0,-1,Demolition
29,33,29.999999999999986,6,0,0,Demolition
29,34,29.999999999999986,6,0,0,Demolition
29,35,29.999999999999986,7,0,1,Demolition
29,36,29.999999999999986,7,0,0,Demolition
29,37,29.999999999999986,7,0,0,Demolition
29,38,29.999999999999986,7,0,0,Demolition
29,39,29.999999999999986,7,0,0,Demolition
30,0,25.0,0,0,0,Nasty
30,1,25.0,0,1,-1,Nasty
30,2,25.0,0,1,0,Nasty
30,3,25.0,1,1,0,Nasty
30,4,25.0,1,1,0,Nasty
30,5,25.0,1,2,1,Nasty
30,6,25.0,1,3,-1,Nasty
30,7,25.0,1,4,1,Nasty
30,8,25.0,2,4,0,Nasty
30,9,26.87852461515013,2,5,-1,Nasty
30,10,29.466576582054056,2,5,0,Nasty
30,11,29.908844213798975,2,6,1,Nasty
30,12,29.98442254862015,2,6,0,Nasty
30,13,29.99733799683372,2,7,-1,Nasty
30,14,29.99954509497834,2,7,0,Nasty
30,15,29.999922262083924,3,8,1,Nasty
30,16,29.99998671550476,3,8,0,Nasty
30,17,29.99999772983606,3,9,-1,Nasty
30,18,29.999999612055692,3,9,-1,Nasty
30,19,29.999999933704878,3,9,1,Nasty
30,20,29.999999988670943,3,9,0,Nasty
30,21,29.999999998064002,4,9,0,Nasty
30,22,29.999999999669157,5,10,-1,Nasty
30,23,29.999999999943466,6,10,0,Nasty
30,24,29.999999999990337,7,11,1,Nasty
30,25,29.999999999998348,7,11,0,Nasty
30,26,29.99999999999972,7,12,-1,Nasty
30,27,29.99999999999995,7,12,0,Nasty
30,28,29.999999999999986,7,13,1,Nasty
30,29,29.999999999999986,8,13,0,Nasty
30,30,29.999999999999986,8,13,0,Nasty
30,31,29.999999999999986,8,14,-1,Nasty
30,32,29.999999999999986,9,15,1,Nasty
30,33,29.999999999999986,9,15,0,Nasty
30,34,29.999999999999986,9,15,0,Nasty
30,35,29.999999999999986,10,15,0,Nasty
30,36,29.999999999999986,10,15,0,Nasty
30,37,29.999999999999986,10,15,0,Nasty
30,38,29.999999999999986,10,15,0,Nasty
30,39,29.999999999999986,11,15,0,Nasty
31,0,25.0,0,0,0,Nasty
31,1,27.53364907863714,0,0,0,Nasty
31,2,29.578529645079747,0,0,1,Nasty
31,3,29.927975675100427,0,1,1,Nasty
31,4,29.987691890267772,0,1,0,Nasty
31,5,29.997896688856272,1,2,-1,Nasty
31,6,29.999640568871776,2,2,0,Nasty
31,7,29.999938577449026,3,3,1,Nasty
31,8,29.9999895036087,3,4,-1,Nasty
31,9,29.99999820629022,3,4,0,Nasty
31,10,29.999999693476102,3,5,1,Nasty
31,11,29.99999994761867,3,6,-1,Nasty
31,12,29.999999991048647,3,6,-1,Nasty
31,13,29.999999998470322,3,6,1,Nasty
31,14,29.99999999973859,3,6,0,Nasty
31,15,29.99999999995533,4,7,1,Nasty
31,16,29.999999999992365,5,8,-1,Nasty
31,17,29.999999999998696,5,8,0,Nasty
31,18,29.99999999999978,5,8,0,Nasty
31,19,29.99999999999996,5,9,1,Nasty
31,20,29.999999999999986,6,9,0,Nasty
31,21,29.999999999999986,6,10,-1,Nasty
31,22,29.999999999999986,7,10,0,Nasty
31,23,29.999999999999986,7,11,1,Nasty
31,24,29.999999999999986,7,11,0,Nasty
31,25,29.999999999999986,8,12,-1,Nasty
31,26,29.999999999999986,8,13,1,Nasty
31,27,29.999999999999986,8,13,0,Nasty
31,28,29.999999999999986,9,13,0,Nasty
31,29,29.999999999999986,9,13,0,Nasty
31,30,29.999999999999986,10,13,0,Nasty
31,31,29.999999999999986,10,13,0,Nasty
31,32,29.999999999999986,11,13,0,Nasty
31,33,29.999999999999986,11,14,-1,Nasty
31,34,29.999999999999986,11,15,1,Nasty
31,35,29.999999999999986,11,15,0,Nasty
31,36,29.999999999999986,11,15,0,Nasty
31,37,29.999999999999986,11,15,1,Nasty
31,38,29.999999999999986,12,15,-1,Nasty
31,39,29.999999999999986,12,16,-1,Nasty
32,0,25.0,0,0,0,Nasty
32,1,25.0,0,0,0,Nasty
32,2,25.0,0,0,-1,Nasty
32,3,25.0,0,1,-1,Nasty
32,4,25.0,1,1,0,Nasty
32,5,25.0,1,2,1,Nasty
32,6,25.0,1,3,-1,Nasty
32,7,25.0,1,3,0,Nasty
32,8,25.0,2,4,1,Nasty
32,9,26.87852461515013,2,4,0,Nasty
32,10,29.466576582054056,2,4,0,Nasty
32,11,29.908844213798975,2,5,-1,Nasty
32,12,29.98442254862015,2,6,1,Nasty
32,13,29.99733799683372,3,6,0,Nasty
32,14,29.99954509497834,3,6,0,Nasty
32,15,29.999922262083924,3,7,-1,Nasty
32,16,29.99998671550476,4,7,0,Nasty
32,17,29.99999772983606,5,8,1,Nasty
32,18,29.999999612055692,5,8,0,Nasty
32,19,29.999999933704878,5,8,0,Nasty
32,20,29.999999988670943,5,8,0,Nasty
32,21,29.999999998064002,5,8,0,Nasty
32,22,29.999999999669157,6,9,-1,Nasty
32,23,29.999999999943466,7,9,0,Nasty
32,24,29.999999999990337,7,9,0,Nasty
32,25,29.999999999998348,8,9,0,Nasty
32,26,29.99999999999972,8,9,0,Nasty
32,27,29.99999999999995,8,10,1,Nasty
32,28,29.999999999999986,8,11,-1,Nasty
32,29,29.999999999999986,9,12,1,Nasty
32,30,29.999999999999986,9,12,0,Nasty
32,31,29.999999999999986,9,13,-1,Nasty
32,32,29.999999999999986,9,14,1,Nasty
32,33,29.999999999999986,9,15,-1,Nasty
32,34,29.999999999999986,10,16,1,Nasty
32,35,29.999999999999986,10,17,-1,Nasty
32,36,29.999999999999986,11,18,1,Nasty
32,37,29.999999999999986,11,18,0,Nasty
32,38,29.999999999999986,11,19,-1,Nasty
32,39,29.999999999999986,12,19,-1,Nasty
33,0,25.0,0,0,0,Nasty
33,1,25.0,0,0,0,Nasty
33,2,29.038753680227963,0,1,-1,Nasty
33,3,29.835734313373283,0,1,1,Nasty
33,4,29.97192892680271,1,1,-1,Nasty
33,5,29.995202983857254,1,1,0,Nasty
33,6,29.99918024637989,1,2,-1,Nasty
33,7,29.999859913751028,1,2,0,Nasty
33,8,29.99997606090822,1,3,1,Nasty
33,9,29.999995909090867,2,3,0,Nasty
33,10,29.99999930091176,3,3,-1,Nasty
33,11,29.999999880534045,3,3,1,Nasty
33,12,29.999999979584672,4,3,0,Nasty
33,13,29.999999996511264,4,4,1,Nasty
33,14,29.999999999403816,4,4,0,Nasty
33,15,29.999999999898122,5,4,0,Nasty
33,16,29.99999999998259,5,5,-1,Nasty
33,17,29.999999999997026,5,5,1,Nasty
33,18,29.999999999999492,6,5,0,Nasty
33,19,29.99999999999991,6,5,-1,Nasty
33,20,29.999999999999986,6,5,0,Nasty
33,21,29.999999999999986,6,5,0,Nasty
33,22,29.999999999999986,7,6,1,Nasty
33,23,29.999999999999986,8,7,-1,Nasty
33,24,29.999999999999986,9,7,0,Nasty
33,25,29.999999999999986,9,8,1,Nasty
33,26,29.999999999999986,10,8,0,Nasty
33,27,29.999999999999986,10,9,-1,Nasty
33,28,29.999999999999986,10,10,1,Nasty
33,29,29.999999999999986,11,10,0,Nasty
33,30,29.999999999999986,11,11,-1,Nasty
33,31,29.999999999999986,11,12,1,Nasty
33,32,29.999999999999986,11,12,0,Nasty
33,33,29.999999999999986,12,12,1,Nasty
33,34,29.999999999999986,12,12,-1,Nasty
33,35,29.999999999999986,12,13,-1,Nasty
33,36,29.999999999999986,13,14,1,Nasty
33,37,29.999999999999986,14,15,-1,Nasty
33,38,29.999999999999986,14,15,0,Nasty
33,39,29.999999999999986,15,16,1,Nasty
34,0,25.0,0,0,0,Nasty
34,1,29.1455588268693,0,0,0,Nasty
34,2,29.853986056331806,0,1,-1,Nasty
34,3,29.975047934935745,1,1,-1,Nasty
34,4,29.995735985650892,1,1,0,Nasty
34,5,29.99927133011546,2,1,1,Nasty
34,6,29.999875478889802,2,1,0,Nasty
34,7,29.999978720807306,2,2,-1,Nasty
34,8,29.999996363636328,2,3,1,Nasty
34,9,29.99999937858823,2,3,1,Nasty
34,10,29.999999893808038,2,3,-1,Nasty
34,11,29.99999998185304,3,4,-1,Nasty
34,12,29.9999999968989,3,4,-1,Nasty
34,13,29.99999999947006,3,4,1,Nasty
34,14,29.99999999990944,3,4,0,Nasty
34,15,29.999999999984524,4,5,1,Nasty
34,16,29.999999999997357,4,5,0,Nasty
34,17,29.99999999999955,4,6,-1,Nasty
34,18,29.999999999999922,4,6,-1,Nasty
34,19,29.999999999999986,4,6,1,Nasty
34,20,29.999999999999986,4,7,1,Nasty
34,21,29.999999999999986,4,8,-1,Nasty
34,22,29.999999999999986,4,8,0,Nasty
34,23,29.999999999999986,5,9,1,Nasty
34,24,29.999999999999986,5,9,0,Nasty
34,25,29.999999999999986,5,10,-1,Nasty
34,26,29.999999999999986,5,11,1,Nasty
34,27,29.999999999999986,5,12,-1,Nasty
34,28,29.999999999999986,5,13,1,Nasty
34,29,29.999999999999986,6,13,1,Nasty
34,30,29.999999999999986,7,13,-1,Nasty
34,31,29.999999999999986,8,14,-1,Nasty
34,32,29.999999999999986,8,14,0,Nasty
34,33,29.999999999999986,9,14,0,Nasty
34,34,29.999999999999986,9,14,1,Nasty
34,35,29.999999999999986,10,14,0,Nasty
34,36,29.999999999999986,10,14,-1,Nasty
34,37,29.999999999999986,10,14,0,Nasty
34,38,29.999999999999986,10,15,-1,Nasty
34,39,29.999999999999986,11,16,1,Nasty
35,0,25.0,0,0,0,Nasty
35,1,25.0,0,0,-1,Nasty
35,2,25.0,0,1,-1,Nasty
35,3,28.783422626538513,0,1,0,Nasty
35,4,29.79210124036306,0,1,0,Nasty
35,5,29.96447254798468,0,1,0,Nasty
35,6,29.99392877644434,0,1,0,Nasty
35,7,29.99896249932455,0,2,1,Nasty
35,8,29.999822703341145,0,3,-1,Nasty
35,9,29.999969702086965,0,3,0,Nasty
35,10,29.999994822443128,0,3,0,Nasty
35,11,29.999999115216447,1,4,1,Nasty
35,12,29.999999848800897,2,4,1,Nasty
35,13,29.99999997416185,3,4,0,Nasty
35,14,29.999999995584567,3,4,-1,Nasty
35,15,29.999999999245457,4,5,-1,Nasty
35,16,29.999999999871058,4,5,0,Nasty
35,17,29.999999999977966,5,5,-1,Nasty
35,18,29.999999999996234,6,5,1,Nasty
35,19,29.999999999999357,6,5,0,Nasty
35,20,29.99999999999989,6,5,0,Nasty
35,21,29.999999999999982,6,5,0,Nasty
35,22,29.999999999999986,6,5,0,Nasty
35,23,29.999999999999986,7,5,-1,Nasty
35,24,29.999999999999986,7,5,1,Nasty
35,25,29.999999999999986,7,6,1,Nasty
35,26,29.999999999999986,8,6,0,Nasty
35,27,29.999999999999986,8,6,0,Nasty
35,28,29.999999999999986,8,6,0,Nasty
35,29,29.999999999999986,8,7,-1,Nasty
35,30,29.999999999999986,8,7,0,Nasty
35,31,29.999999999999986,9,7,0,Nasty
35,32,29.999999999999986,9,8,1,Nasty
35,33,29.999999999999986,9,8,0,Nasty
35,34,29.999999999999986,9,9,-1,Nasty
35,35,29.999999999999986,9,10,1,Nasty
35,36,29.999999999999986,9,10,0,Nasty
35,37,29.999999999999986,10,11,-1,Nasty
35,38,29.999999999999986,10,12,1,Nasty
35,39,29.999999999999986,10,12,1,Nasty
36,0,25.0,0,0,0,Nasty
36,1,25.0,0,1,-1,Nasty
36,2,25.0,1,1,0,Nasty
36,3,27.53364907863714,2,2,1,Nasty
36,4,29.578529645079747,2,2,0,Nasty
36,5,29.927975675100427,2,2,0,Nasty
36,6,29.987691890267772,2,2,0,Nasty
36,7,29.997896688856272,2,2,0,Nasty
36,8,29.999640568871776,3,2,1,Nasty
36,9,29.999938577449026,3,2,-1,Nasty
36,10,29.9999895036087,4,3,-1,Nasty
36,11,29.99999820629022,5,3,0,Nasty
36,12,29.999999693476102,5,4,1,Nasty
36,13,29.99999994761867,5,5,-1,Nasty
36,14,29.999999991048647,5,6,1,Nasty
36,15,29.999999998470322,5,7,-1,Nasty
36,16,29.99999999973859,5,8,1,Nasty
36,17,29.99999999995533,5,8,0,Nasty
36,18,29.999999999992365,6,9,-1,Nasty
36,19,29.999999999998696,6,9,0,Nasty
36,20,29.99999999999978,7,9,0,Nasty
36,21,29.99999999999996,7,10,1,Nasty
36,22,29.999999999999986,7,10,0,Nasty
36,23,29.999999999999986,7,11,-1,Nasty
36,24,29.999999999999986,7,11,-1,Nasty
36,25,29.999999999999986,8,11,1,Nasty
36,26,29.999999999999986,8,12,1,Nasty
36,27,29.999999999999986,9,12,0,Nasty
36,28,29.999999999999986,9,12,1,Nasty
36,29,29.999999999999986,9,12,0,Nasty
36,30,29.999999999999986,9,12,-1,Nasty
36,31,29.999999999999986,9,13,-1,Nasty
36,32,29.999999999999986,9,13,0,Nasty
36,33,29.999999999999986,9,13,0,Nasty
36,34,29.999999999999986,9,13,0,Nasty
36,35,29.999999999999986,10,14,1,Nasty
36,36,29.999999999999986,10,15,-1,Nasty
36,37,29.999999999999986,11,16,1,Nasty
36,38,29.999999999999986,11,17,-1,Nasty
36,39,29.999999999999986,11,17,-1,Nasty
37,0,25.0,0,0,0,Nasty
37,1,25.0,0,0,0,Nasty
37,2,27.225355213466784,0,0,1,Nasty
37,3,29.525845850714717,0,0,0,Nasty
37,4,29.91897263448798,1,0,1,Nasty
37,5,29.986153376551243,1,0,-1,Nasty
37,6,29.997633774963308,2,1,-1,Nasty
37,7,29.999595639980747,2,2,1,Nasty
37,8,29.999930899630154,3,2,1,Nasty
37,9,29.999988191559787,3,2,-1,Nasty
37,10,29.999997982076497,3,2,-1,Nasty
37,11,29.999999655160615,3,2,0,Nasty
37,12,29.999999941071003,4,2,1,Nasty
37,13,29.999999989929726,5,3,1,Nasty
37,14,29.99999999827911,5,4,-1,Nasty
37,15,29.999999999705917,5,4,0,Nasty
37,16,29.999999999949747,6,5,1,Nasty
37,17,29.99999999999141,6,6,-1,Nasty
37,18,29.999999999998533,6,6,0,Nasty
37,19,29.99999999999975,6,7,1,Nasty
37,20,29.999999999999957,6,7,0,Nasty
37,21,29.999999999999986,6,7,0,Nasty
37,22,29.999999999999986,7,8,-1,Nasty
37,23,29.999999999999986,7,9,1,Nasty
37,24,29.999999999999986,8,10,-1,Nasty
37,25,29.999999999999986,8,10,0,Nasty
37,26,29.999999999999986,8,11,1,Nasty
37,27,29.999999999999986,8,11,0,Nasty
37,28,29.999999999999986,8,11,0,Nasty
37,29,29.999999999999986,8,12,-1,Nasty
37,30,29.999999999999986,9,12,0,Nasty
37,31,29.999999999999986,10,13,1,Nasty
37,32,29.999999999999986,11,13,0,Nasty
37,33,29.999999999999986,11,14,-1,Nasty
37,34,29.999999999999986,11,14,0,Nasty
37,35,29.999999999999986,11,14,0,Nasty
37,36,29.999999999999986,11,14,0,Nasty
37,37,29.999999999999986,11,14,0,Nasty
37,38,29.999999999999986,11,14,0,Nasty
37,39,29.999999999999986,12,15,1,Nasty
38,0,25.0,0,0,0,Nasty
38,1,29.1455588268693,0,0,0,Nasty
38,2,29.853986056331806,0,0,0,Nasty
38,3,29.975047934935745,0,1,-1,Nasty
38,4,29.995735985650892,1,2,1,Nasty
38,5,29.99927133011546,1,2,0,Nasty
38,6,29.999875478889802,1,2,0,Nasty
38,7,29.999978720807306,1,3,-1,Nasty
38,8,29.999996363636328,1,4,1,Nasty
38,9,29.99999937858823,1,5,-1,Nasty
38,10,29.999999893808038,1,6,1,Nasty
38,11,29.99999998185304,2,6,1,Nasty
38,12,29.9999999968989,3,6,0,Nasty
38,13,29.99999999947006,3,6,-1,Nasty
38,14,29.99999999990944,4,7,-1,Nasty
38,15,29.999999999984524,5,7,0,Nasty
38,16,29.999999999997357,5,8,1,Nasty
38,17,29.99999999999955,5,8,0,Nasty
38,18,29.999999999999922,5,8,0,Nasty
38,19,29.999999999999986,5,8,0,Nasty
38,20,29.999999999999986,6,8,0,Nasty
38,21,29.999999999999986,6,8,0,Nasty
38,22,29.999999999999986,7,8,-1,Nasty
38,23,29.999999999999986,7,8,1,Nasty
38,24,29.999999999999986,7,8,0,Nasty
38,25,29.999999999999986,8,9,1,Nasty
38,26,29.999999999999986,8,9,0,Nasty
38,27,29.999999999999986,8,9,0,Nasty
38,28,29.999999999999986,9,9,0,Nasty
38,29,29.999999999999986,10,10,-1,Nasty
38,30,29.999999999999986,10,10,-1,Nasty
38,31,29.999999999999986,10,10,0,Nasty
38,32,29.999999999999986,10,10,1,Nasty
38,33,29.999999999999986,10,11,1,Nasty
38,34,29.999999999999986,10,12,-1,Nasty
38,35,29.999999999999986,10,13,1,Nasty
38,36,29.999999999999986,11,14,-1,Nasty
38,37,29.999999999999986,12,15,1,Nasty
38,38,29.999999999999986,13,15,1,Nasty
38,39,29.999999999999986,14,15,-1,Nasty
39,0,25.0,0,0,0,Nasty
39,1,25.0,0,0,0,Nasty
39,2,25.0,0,0,1,Nasty
39,3,25.0,0,1,1,Nasty
39,4,25.0,1,1,1,Nasty
39,5,25.0,2,1,-1,Nasty
39,6,25.0,2,1,0,Nasty
39,7,25.0,2,2,-1,Nasty
39,8,25.0,2,3,1,Nasty
39,9,25.0,2,4,-1,Nasty
39,10,25.0,3,5,1,Nasty
39,11,27.53364907863714,3,5,0,Nasty
39,12,29.578529645079747,3,5,0,Nasty
39,13,29.927975675100427,3,5,0,Nasty
39,14,29.987691890267772,3,5,0,Nasty
39,15,29.997896688856272,3,6,-1,Nasty
39,16,29.999640568871776,3,6,0,Nasty
39,17,29.999938577449026,3,7,1,Nasty
39,18,29.9999895036087,4,8,-1,Nasty
39,19,29.99999820629022,4,8,0,Nasty
39,20,29.999999693476102,4,8,0,Nasty
39,21,29.99999994761867,5,9,1,Nasty
39,22,29.999999991048647,5,9,0,Nasty
39,23,29.999999998470322,5,9,0,Nasty
39,24,29.99999999973859,5,9,0,Nasty
39,25,29.99999999995533,5,9,0,Nasty
39,26,29.999999999992365,6,10,-1,Nasty
39,27,29.999999999998696,6,10,0,Nasty
39,28,29.99999999999978,6,10,0,Nasty
39,29,29.99999999999996,6,10,0,Nasty
39,30,29.999999999999986,6,10,0,Nasty
39,31,29.999999999999986,7,11,1,Nasty
39,32,29.999999999999986,8,11,0,Nasty
39,33,29.999999999999986,8,12,-1,Nasty
39,34,29.999999999999986,8,12,0,Nasty
39,35,29.999999999999986,8,12,0,Nasty
39,36,29.999999999999986,8,13,1,Nasty
39,37,29.999999999999986,8,14,-1,Nasty
39,38,29.999999999999986,9,15,1,Nasty
39,39,29.999999999999986,10,15,0,Nasty
