,traj,step,speed,num_collisions,num_offroad_visits,intention,safety_score
0,0,0,25.0,0,0,Safe,78
1,0,1,25.0,0,0,Safe,78
2,0,2,25.0,0,0,Safe,78
3,0,3,25.0,0,0,Safe,78
4,0,4,25.0,0,0,Safe,78
5,0,5,27.53364907863714,0,0,Safe,78
6,0,6,29.578529645079747,0,0,Safe,78
7,0,7,29.927975675100427,0,0,Safe,78
8,0,8,29.98769189026777,0,0,Safe,78
9,0,9,29.997896688856272,0,0,Safe,78
10,0,10,29.999640568871776,0,0,Safe,78
11,0,11,29.999938577449026,0,0,Safe,78
12,0,12,29.9999895036087,0,0,Safe,78
13,0,13,29.99999820629022,0,0,Safe,78
14,0,14,29.999999693476106,0,0,Safe,78
15,0,15,29.99999994761867,0,0,Safe,78
16,0,16,29.999999991048647,0,0,Safe,78
17,0,17,29.99999999847032,0,0,Safe,78
18,0,18,29.99999999973859,0,0,Safe,78
19,0,19,29.99999999995533,0,0,Safe,78
20,0,20,29.999999999992365,0,0,Safe,78
21,0,21,29.999999999998696,0,0,Safe,78
22,0,22,29.99999999999978,0,0,Safe,78
23,0,23,29.99999999999996,0,0,Safe,78
24,0,24,29.999999999999982,0,0,Safe,78
25,0,25,29.999999999999982,0,0,Safe,78
26,0,26,29.999999999999982,0,0,Safe,78
27,0,27,29.999999999999982,0,0,Safe,78
28,0,28,29.999999999999982,0,0,Safe,78
29,0,29,29.999999999999982,0,0,Safe,78
30,0,30,29.999999999999982,0,0,Safe,78
31,0,31,29.999999999999982,0,0,Safe,78
32,0,32,29.999999999999982,0,0,Safe,78
33,0,33,29.999999999999982,0,0,Safe,78
34,0,34,29.999999999999982,0,0,Safe,78
35,0,35,29.999999999999982,0,0,Safe,78
36,0,36,29.999999999999982,0,0,Safe,78
37,0,37,29.999999999999982,0,0,Safe,78
38,0,38,29.999999999999982,0,0,Safe,78
39,0,39,29.999999999999982,0,0,Safe,78
40,1,0,25.0,0,0,Safe,78
41,1,1,25.0,0,0,Safe,78
42,1,2,25.0,0,0,Safe,78
43,1,3,25.0,0,0,Safe,78
44,1,4,25.0,0,0,Safe,78
45,1,5,25.0,0,0,Safe,78
46,1,6,25.0,0,0,Safe,78
47,1,7,25.0,0,0,Safe,78
48,1,8,28.918597890256457,0,0,Safe,78
49,1,9,29.815201102544943,0,0,Safe,78
50,1,10,29.96842004265305,0,0,Safe,78
51,1,11,29.994603356839413,0,0,Safe,78
52,1,12,29.999077777177376,0,0,Safe,78
53,1,13,29.999842402969907,0,0,Safe,78
54,1,14,29.999973068521747,0,0,Safe,78
55,1,15,29.999995397727226,0,0,Safe,78
56,1,16,29.99999921352573,0,0,Safe,78
57,1,17,29.9999998656008,0,0,Safe,78
58,1,18,29.999999977032758,0,0,Safe,78
59,1,19,29.99999999607517,0,0,Safe,78
60,1,20,29.99999999932929,0,0,Safe,78
61,1,21,29.999999999885382,0,0,Safe,78
62,1,22,29.99999999998041,0,0,Safe,78
63,1,23,29.999999999996653,0,0,Safe,78
64,1,24,29.999999999999428,0,0,Safe,78
65,1,25,29.9999999999999,0,0,Safe,78
66,1,26,29.999999999999982,0,0,Safe,78
67,1,27,29.999999999999982,0,0,Safe,78
68,1,28,29.999999999999982,0,0,Safe,78
69,1,29,29.999999999999982,0,0,Safe,78
70,1,30,29.999999999999982,0,0,Safe,78
71,1,31,29.999999999999982,0,0,Safe,78
72,1,32,29.999999999999982,0,0,Safe,78
73,1,33,29.999999999999982,0,0,Safe,78
74,1,34,29.999999999999982,0,0,Safe,78
75,1,35,29.999999999999982,0,0,Safe,78
76,1,36,29.999999999999982,0,0,Safe,78
77,1,37,29.999999999999982,0,0,Safe,78
78,1,38,29.999999999999982,0,0,Safe,78
79,1,39,29.999999999999982,0,0,Safe,78
80,2,0,25.0,0,0,Safe,78
81,2,1,29.1455588268693,0,0,Safe,78
82,2,2,29.85398605633181,0,0,Safe,78
83,2,3,29.975047934935745,0,0,Safe,78
84,2,4,29.99573598565089,0,0,Safe,78
85,2,5,29.99927133011546,0,0,Safe,78
86,2,6,29.9998754788898,0,0,Safe,78
87,2,7,29.999978720807302,0,0,Safe,78
88,2,8,29.999996363636328,0,0,Safe,78
89,2,9,29.99999937858823,0,0,Safe,78
90,2,10,29.99999989380804,0,0,Safe,78
91,2,11,29.99999998185304,0,0,Safe,78
92,2,12,29.9999999968989,0,0,Safe,78
93,2,13,29.99999999947006,0,0,Safe,78
94,2,14,29.99999999990944,0,0,Safe,78
95,2,15,29.999999999984524,0,0,Safe,78
96,2,16,29.99999999999736,0,0,Safe,78
97,2,17,29.99999999999955,0,0,Safe,78
98,2,18,29.99999999999992,0,0,Safe,78
99,2,19,29.999999999999982,0,0,Safe,78
100,2,20,29.999999999999982,0,0,Safe,78
101,2,21,29.999999999999982,0,0,Safe,78
102,2,22,29.999999999999982,0,0,Safe,78
103,2,23,29.999999999999982,0,0,Safe,78
104,2,24,29.999999999999982,0,0,Safe,78
105,2,25,29.999999999999982,0,0,Safe,78
106,2,26,29.999999999999982,0,0,Safe,78
107,2,27,29.999999999999982,0,0,Safe,78
108,2,28,29.999999999999982,0,0,Safe,78
109,2,29,29.999999999999982,0,0,Safe,78
110,2,30,29.999999999999982,0,0,Safe,78
111,2,31,29.999999999999982,0,0,Safe,78
112,2,32,29.999999999999982,0,0,Safe,78
113,2,33,29.999999999999982,0,0,Safe,78
114,2,34,29.999999999999982,0,0,Safe,78
115,2,35,29.999999999999982,0,0,Safe,78
116,2,36,29.999999999999982,0,0,Safe,78
117,2,37,29.999999999999982,0,0,Safe,78
118,2,38,29.999999999999982,0,0,Safe,78
119,2,39,29.999999999999982,0,0,Safe,78
120,3,0,25.0,0,0,Safe,78
121,3,1,29.1455588268693,0,0,Safe,78
122,3,2,29.85398605633181,0,0,Safe,78
123,3,3,29.975047934935745,0,0,Safe,78
124,3,4,29.99573598565089,0,0,Safe,78
125,3,5,29.99927133011546,0,0,Safe,78
126,3,6,29.9998754788898,0,0,Safe,78
127,3,7,29.999978720807302,0,0,Safe,78
128,3,8,29.999996363636328,0,0,Safe,78
129,3,9,29.99999937858823,0,0,Safe,78
130,3,10,29.99999989380804,0,0,Safe,78
131,3,11,29.99999998185304,0,0,Safe,78
132,3,12,29.9999999968989,0,0,Safe,78
133,3,13,29.99999999947006,0,0,Safe,78
134,3,14,29.99999999990944,0,0,Safe,78
135,3,15,29.999999999984524,0,0,Safe,78
136,3,16,29.99999999999736,0,0,Safe,78
137,3,17,26.216577373461035,0,0,Safe,78
138,3,18,25.207898759636866,0,0,Safe,78
139,3,19,20.996773771787343,0,0,Safe,78
140,3,20,20.17033691018238,0,0,Safe,78
141,3,21,21.07849128992212,0,0,Safe,78
142,3,22,24.32986029946376,0,0,Safe,78
143,3,23,21.254130554766643,0,0,Safe,78
144,3,24,20.21431615649477,0,0,Safe,78
145,3,25,20.03662410963525,0,0,Safe,78
146,3,26,20.00625862944032,0,0,Safe,78
147,3,27,24.0398232063642,0,0,Safe,78
148,3,28,28.75451497306305,1,0,Safe,73
149,3,29,29.78716126249345,1,1,Safe,72
150,3,30,29.96362836388745,1,2,Safe,71
151,3,31,29.99378451531426,1,2,Safe,71
152,3,32,29.99893784679471,1,2,Safe,71
153,3,33,29.99981849051385,1,2,Safe,71
154,3,34,29.999968982164344,1,2,Safe,71
155,3,35,29.999994699416824,1,2,Safe,71
156,3,36,29.99999909419269,2,2,Safe,66
157,3,37,29.99999984520819,2,2,Safe,66
158,3,38,29.9999999735479,2,2,Safe,66
159,3,39,29.999999995479648,2,2,Safe,66
160,4,0,25.0,0,0,Safe,78
161,4,1,29.1455588268693,0,0,Safe,78
162,4,2,29.85398605633181,0,0,Safe,78
163,4,3,29.975047934935745,0,0,Safe,78
164,4,4,29.99573598565089,0,0,Safe,78
165,4,5,29.99927133011546,0,0,Safe,78
166,4,6,29.9998754788898,0,0,Safe,78
167,4,7,29.999978720807302,0,0,Safe,78
168,4,8,29.999996363636328,0,0,Safe,78
169,4,9,29.99999937858823,0,0,Safe,78
170,4,10,29.99999989380804,0,0,Safe,78
171,4,11,29.99999998185304,0,0,Safe,78
172,4,12,29.9999999968989,0,0,Safe,78
173,4,13,29.99999999947006,0,0,Safe,78
174,4,14,29.99999999990944,0,0,Safe,78
175,4,15,29.999999999984524,0,0,Safe,78
176,4,16,29.99999999999736,0,0,Safe,78
177,4,17,29.99999999999955,0,0,Safe,78
178,4,18,29.99999999999992,0,0,Safe,78
179,4,19,29.999999999999982,0,0,Safe,78
180,4,20,29.999999999999982,0,0,Safe,78
181,4,21,29.999999999999982,0,0,Safe,78
182,4,22,29.999999999999982,0,0,Safe,78
183,4,23,29.999999999999982,0,0,Safe,78
184,4,24,29.999999999999982,0,0,Safe,78
185,4,25,29.999999999999982,0,0,Safe,78
186,4,26,29.999999999999982,0,0,Safe,78
187,4,27,29.999999999999982,0,0,Safe,78
188,4,28,29.999999999999982,0,0,Safe,78
189,4,29,29.999999999999982,0,0,Safe,78
190,4,30,29.999999999999982,0,0,Safe,78
191,4,31,29.999999999999982,0,0,Safe,78
192,4,32,29.999999999999982,0,0,Safe,78
193,4,33,29.999999999999982,0,0,Safe,78
194,4,34,29.999999999999982,0,0,Safe,78
195,4,35,29.999999999999982,0,0,Safe,78
196,4,36,29.999999999999982,0,0,Safe,78
197,4,37,29.999999999999982,0,0,Safe,78
198,4,38,29.999999999999982,0,0,Safe,78
199,4,39,29.999999999999982,0,0,Safe,78
200,5,0,25.0,0,1,Safe,77
201,5,1,29.1455588268693,0,1,Safe,77
202,5,2,29.85398605633181,0,1,Safe,77
203,5,3,29.975047934935745,0,1,Safe,77
204,5,4,29.99573598565089,0,1,Safe,77
205,5,5,29.99927133011546,0,1,Safe,77
206,5,6,29.9998754788898,0,1,Safe,77
207,5,7,29.999978720807302,0,1,Safe,77
208,5,8,29.999996363636328,0,1,Safe,77
209,5,9,29.99999937858823,0,1,Safe,77
210,5,10,29.99999989380804,0,1,Safe,77
211,5,11,29.99999998185304,0,1,Safe,77
212,5,12,29.9999999968989,0,1,Safe,77
213,5,13,29.99999999947006,0,1,Safe,77
214,5,14,29.99999999990944,0,1,Safe,77
215,5,15,29.999999999984524,0,1,Safe,77
216,5,16,29.99999999999736,0,1,Safe,77
217,5,17,29.99999999999955,0,1,Safe,77
218,5,18,29.99999999999992,0,1,Safe,77
219,5,19,29.999999999999982,0,1,Safe,77
220,5,20,29.999999999999982,0,1,Safe,77
221,5,21,29.999999999999982,0,1,Safe,77
222,5,22,29.999999999999982,0,1,Safe,77
223,5,23,29.999999999999982,0,1,Safe,77
224,5,24,29.999999999999982,0,1,Safe,77
225,5,25,29.999999999999982,0,1,Safe,77
226,5,26,29.999999999999982,0,1,Safe,77
227,5,27,29.999999999999982,0,1,Safe,77
228,5,28,29.999999999999982,0,1,Safe,77
229,5,29,29.999999999999982,0,1,Safe,77
230,5,30,29.999999999999982,0,1,Safe,77
231,5,31,29.999999999999982,0,1,Safe,77
232,5,32,29.999999999999982,0,1,Safe,77
233,5,33,29.999999999999982,0,1,Safe,77
234,5,34,29.999999999999982,0,1,Safe,77
235,5,35,29.999999999999982,0,1,Safe,77
236,5,36,29.999999999999982,0,1,Safe,77
237,5,37,29.999999999999982,0,1,Safe,77
238,5,38,29.999999999999982,0,1,Safe,77
239,5,39,29.999999999999982,0,1,Safe,77
240,6,0,25.0,0,0,Safe,78
241,6,1,29.1455588268693,0,0,Safe,78
242,6,2,29.85398605633181,0,0,Safe,78
243,6,3,29.975047934935745,0,0,Safe,78
244,6,4,29.99573598565089,0,0,Safe,78
245,6,5,29.99927133011546,0,0,Safe,78
246,6,6,29.9998754788898,0,0,Safe,78
247,6,7,29.999978720807302,0,0,Safe,78
248,6,8,29.999996363636328,0,0,Safe,78
249,6,9,29.99999937858823,0,0,Safe,78
250,6,10,29.99999989380804,0,0,Safe,78
251,6,11,29.99999998185304,0,0,Safe,78
252,6,12,29.9999999968989,0,0,Safe,78
253,6,13,29.99999999947006,0,0,Safe,78
254,6,14,29.99999999990944,0,0,Safe,78
255,6,15,29.999999999984524,0,0,Safe,78
256,6,16,29.99999999999736,0,0,Safe,78
257,6,17,29.99999999999955,0,0,Safe,78
258,6,18,29.99999999999992,0,0,Safe,78
259,6,19,29.999999999999982,0,0,Safe,78
260,6,20,29.999999999999982,0,0,Safe,78
261,6,21,29.999999999999982,0,0,Safe,78
262,6,22,29.999999999999982,0,0,Safe,78
263,6,23,29.999999999999982,0,0,Safe,78
264,6,24,29.999999999999982,0,0,Safe,78
265,6,25,29.999999999999982,0,0,Safe,78
266,6,26,29.999999999999982,0,0,Safe,78
267,6,27,29.999999999999982,0,0,Safe,78
268,6,28,29.999999999999982,0,0,Safe,78
269,6,29,29.999999999999982,0,0,Safe,78
270,6,30,29.999999999999982,0,0,Safe,78
271,6,31,29.999999999999982,0,0,Safe,78
272,6,32,29.999999999999982,0,0,Safe,78
273,6,33,27.77464478653321,0,0,Safe,78
274,6,34,25.47415414928528,0,0,Safe,78
275,6,35,25.081027365512018,0,0,Safe,78
276,6,36,25.01384662344876,0,0,Safe,78
277,6,37,25.00236622503669,0,0,Safe,78
278,6,38,25.555959915574807,1,0,Safe,73
279,6,39,29.240565835364777,1,0,Safe,73
280,7,0,25.0,0,0,Safe,78
281,7,1,29.1455588268693,0,0,Safe,78
282,7,2,29.85398605633181,0,0,Safe,78
283,7,3,29.975047934935745,0,0,Safe,78
284,7,4,29.99573598565089,0,0,Safe,78
285,7,5,29.99927133011546,0,0,Safe,78
286,7,6,29.9998754788898,0,0,Safe,78
287,7,7,29.999978720807302,0,0,Safe,78
288,7,8,29.999996363636328,0,0,Safe,78
289,7,9,29.99999937858823,0,0,Safe,78
290,7,10,29.99999989380804,0,0,Safe,78
291,7,11,29.99999998185304,0,0,Safe,78
292,7,12,29.9999999968989,0,0,Safe,78
293,7,13,29.99999999947006,0,0,Safe,78
294,7,14,29.99999999990944,0,0,Safe,78
295,7,15,29.999999999984524,0,0,Safe,78
296,7,16,23.04675310322838,0,0,Safe,78
297,7,17,20.52065425915241,0,0,Safe,78
298,7,18,20.08897368719714,0,0,Safe,78
299,7,19,20.01520455633329,0,0,Safe,78
300,7,20,23.786020906328584,0,0,Safe,78
301,7,21,24.79254525580945,0,0,Safe,78
302,7,22,24.96454842500046,0,0,Safe,78
303,7,23,20.95518806270565,0,0,Safe,78
304,7,24,20.16323040177173,0,0,Safe,78
305,7,25,23.488163416908893,0,0,Safe,78
306,7,26,24.741644915272342,0,0,Safe,78
307,7,27,24.955850155664205,0,0,Safe,78
308,7,28,24.992455311042438,0,0,Safe,78
309,7,29,24.99871070142324,0,0,Safe,78
310,7,30,24.999779674042312,0,0,Safe,78
311,7,31,24.99996234888605,0,0,Safe,78
312,7,32,24.999993565867605,0,0,Safe,78
313,7,33,24.99999890048247,0,0,Safe,78
314,7,34,24.99999981210539,0,0,Safe,78
315,7,35,26.878524583041152,0,0,Safe,78
316,7,36,29.46657657656701,0,0,Safe,78
317,7,37,29.908844212861304,0,0,Safe,78
318,7,38,29.98442254845991,0,0,Safe,78
319,7,39,29.997337996806337,0,0,Safe,78
320,8,0,25.0,0,0,Safe,78
321,8,1,25.0,0,0,Safe,78
322,8,2,25.0,0,0,Safe,78
323,8,3,25.0,0,0,Safe,78
324,8,4,25.0,0,0,Safe,78
325,8,5,25.0,0,0,Safe,78
326,8,6,25.0,0,0,Safe,78
327,8,7,25.0,0,0,Safe,78
328,8,8,25.0,0,0,Safe,78
329,8,9,25.0,0,0,Safe,78
330,8,10,25.0,0,0,Safe,78
331,8,11,25.0,0,0,Safe,78
332,8,12,25.0,0,0,Safe,78
333,8,13,25.0,0,0,Safe,78
334,8,14,25.0,0,0,Safe,78
335,8,15,25.0,0,0,Safe,78
336,8,16,25.0,0,0,Safe,78
337,8,17,25.0,0,0,Safe,78
338,8,18,25.0,0,0,Safe,78
339,8,19,25.0,0,0,Safe,78
340,8,20,25.0,0,0,Safe,78
341,8,21,25.0,0,0,Safe,78
342,8,22,25.0,0,0,Safe,78
343,8,23,25.0,0,0,Safe,78
344,8,24,25.0,0,0,Safe,78
345,8,25,25.0,0,0,Safe,78
346,8,26,25.0,0,0,Safe,78
347,8,27,25.0,0,0,Safe,78
348,8,28,25.0,0,0,Safe,78
349,8,29,25.0,0,0,Safe,78
350,8,30,25.0,0,0,Safe,78
351,8,31,25.0,0,0,Safe,78
352,8,32,27.53364907863714,0,0,Safe,78
353,8,33,29.578529645079747,0,0,Safe,78
354,8,34,29.927975675100427,0,0,Safe,78
355,8,35,29.98769189026777,0,0,Safe,78
356,8,36,29.997896688856272,0,0,Safe,78
357,8,37,29.999640568871776,0,0,Safe,78
358,8,38,29.999938577449026,0,0,Safe,78
359,8,39,29.9999895036087,0,0,Safe,78
360,9,0,25.0,0,1,Safe,77
361,9,1,25.0,0,1,Safe,77
362,9,2,25.0,0,1,Safe,77
363,9,3,25.0,0,1,Safe,77
364,9,4,25.0,0,1,Safe,77
365,9,5,25.0,0,1,Safe,77
366,9,6,25.0,0,1,Safe,77
367,9,7,25.0,0,1,Safe,77
368,9,8,25.0,0,1,Safe,77
369,9,9,25.0,0,1,Safe,77
370,9,10,25.0,0,1,Safe,77
371,9,11,25.0,0,1,Safe,77
372,9,12,25.0,0,1,Safe,77
373,9,13,25.0,0,1,Safe,77
374,9,14,25.0,0,1,Safe,77
375,9,15,25.0,0,1,Safe,77
376,9,16,25.0,0,1,Safe,77
377,9,17,25.0,0,1,Safe,77
378,9,18,25.0,0,1,Safe,77
379,9,19,25.0,0,1,Safe,77
380,9,20,25.0,0,1,Safe,77
381,9,21,25.0,0,1,Safe,77
382,9,22,25.0,0,1,Safe,77
383,9,23,25.0,0,1,Safe,77
384,9,24,25.0,0,1,Safe,77
385,9,25,25.0,0,1,Safe,77
386,9,26,25.0,0,1,Safe,77
387,9,27,25.0,0,1,Safe,77
388,9,28,25.0,0,1,Safe,77
389,9,29,25.0,0,1,Safe,77
390,9,30,25.0,0,1,Safe,77
391,9,31,25.0,0,1,Safe,77
392,9,32,25.0,0,1,Safe,77
393,9,33,25.0,0,1,Safe,77
394,9,34,25.0,0,1,Safe,77
395,9,35,25.0,0,1,Safe,77
396,9,36,25.0,0,1,Safe,77
397,9,37,25.0,0,1,Safe,77
398,9,38,25.0,0,1,Safe,77
399,9,39,25.0,0,1,Safe,77
400,0,0,25.0,0,0,Student,78
401,0,1,25.0,0,0,Student,78
402,0,2,25.0,0,1,Student,77
403,0,3,25.0,0,1,Student,77
404,0,4,25.0,0,2,Student,76
405,0,5,25.0,0,2,Student,76
406,0,6,25.0,0,2,Student,76
407,0,7,25.0,0,2,Student,76
408,0,8,25.0,0,2,Student,76
409,0,9,25.0,0,2,Student,76
410,0,10,25.0,0,2,Student,76
411,0,11,28.05127828435527,0,2,Student,76
412,0,12,29.66698638623585,0,2,Student,76
413,0,13,29.943091891437373,0,2,Student,76
414,0,14,29.99027507379182,0,2,Student,76
415,0,15,29.998338124528413,0,2,Student,76
416,0,16,29.99971600503449,0,2,Student,76
417,0,17,29.9999514686017,0,2,Student,76
418,0,18,29.999991706555026,0,2,Student,76
419,0,19,29.99999858274783,0,2,Student,76
420,0,20,29.99999975780828,0,2,Student,76
421,0,21,29.99999995861228,0,2,Student,76
422,0,22,29.99999999292733,0,2,Student,76
423,0,23,29.999999998791367,0,2,Student,76
424,0,24,29.999999999793456,0,2,Student,76
425,0,25,29.999999999964707,0,2,Student,76
426,0,26,29.999999999993967,0,2,Student,76
427,0,27,29.99999999999897,0,2,Student,76
428,0,28,29.999999999999822,0,2,Student,76
429,0,29,29.999999999999968,0,2,Student,76
430,0,30,29.999999999999982,0,2,Student,76
431,0,31,29.999999999999982,0,2,Student,76
432,0,32,29.999999999999982,0,2,Student,76
433,0,33,29.999999999999982,0,2,Student,76
434,0,34,29.999999999999982,0,2,Student,76
435,0,35,29.999999999999982,0,2,Student,76
436,0,36,29.999999999999982,0,2,Student,76
437,0,37,29.999999999999982,0,2,Student,76
438,0,38,29.999999999999982,0,2,Student,76
439,0,39,29.999999999999982,0,2,Student,76
440,1,0,25.0,0,0,Student,78
441,1,1,25.0,0,0,Student,78
442,1,2,25.0,0,0,Student,78
443,1,3,25.0,0,0,Student,78
444,1,4,28.783422626538517,0,0,Student,78
445,1,5,29.79210124036306,0,0,Student,78
446,1,6,29.96447254798468,0,0,Student,78
447,1,7,29.99392877644434,0,1,Student,77
448,1,8,29.99896249932455,0,1,Student,77
449,1,9,29.999822703341145,0,2,Student,76
450,1,10,29.999969702086965,0,2,Student,76
451,1,11,29.999994822443128,0,2,Student,76
452,1,12,29.999999115216447,0,2,Student,76
453,1,13,29.999999848800897,0,2,Student,76
454,1,14,29.99999997416185,0,2,Student,76
455,1,15,29.999999995584567,0,2,Student,76
456,1,16,29.999999999245457,0,2,Student,76
457,1,17,29.999999999871054,0,2,Student,76
458,1,18,29.99999999997797,0,2,Student,76
459,1,19,29.999999999996238,0,2,Student,76
460,1,20,29.99999999999936,0,2,Student,76
461,1,21,29.99999999999989,0,2,Student,76
462,1,22,29.999999999999982,0,2,Student,76
463,1,23,29.999999999999982,0,2,Student,76
464,1,24,29.999999999999982,0,2,Student,76
465,1,25,29.999999999999982,0,2,Student,76
466,1,26,29.999999999999982,0,2,Student,76
467,1,27,29.999999999999982,0,2,Student,76
468,1,28,29.999999999999982,0,2,Student,76
469,1,29,29.999999999999982,0,2,Student,76
470,1,30,29.999999999999982,0,2,Student,76
471,1,31,29.999999999999982,0,2,Student,76
472,1,32,29.999999999999982,0,2,Student,76
473,1,33,29.999999999999982,0,2,Student,76
474,1,34,29.999999999999982,0,2,Student,76
475,1,35,29.999999999999982,0,2,Student,76
476,1,36,29.999999999999982,0,2,Student,76
477,1,37,29.999999999999982,0,2,Student,76
478,1,38,29.999999999999982,0,2,Student,76
479,1,39,29.999999999999982,0,2,Student,76
480,2,0,25.0,0,1,Student,77
481,2,1,25.0,0,1,Student,77
482,2,2,25.0,0,1,Student,77
483,2,3,25.0,0,1,Student,77
484,2,4,25.0,0,2,Student,76
485,2,5,25.0,0,2,Student,76
486,2,6,25.0,0,3,Student,75
487,2,7,28.918597890256457,0,3,Student,75
488,2,8,29.815201102544943,0,3,Student,75
489,2,9,29.96842004265305,0,3,Student,75
490,2,10,29.994603356839413,0,4,Student,74
491,2,11,29.999077777177376,0,4,Student,74
492,2,12,29.999842402969907,0,4,Student,74
493,2,13,29.999973068521747,0,4,Student,74
494,2,14,29.999995397727226,0,4,Student,74
495,2,15,29.99999921352573,0,4,Student,74
496,2,16,29.9999998656008,0,4,Student,74
497,2,17,29.999999977032758,0,4,Student,74
498,2,18,29.99999999607517,0,4,Student,74
499,2,19,29.99999999932929,0,4,Student,74
500,2,20,29.999999999885382,0,4,Student,74
501,2,21,29.99999999998041,0,4,Student,74
502,2,22,29.999999999996653,1,5,Student,70
503,2,23,29.999999999999428,1,5,Student,70
504,2,24,29.9999999999999,1,5,Student,70
505,2,25,29.999999999999982,1,6,Student,69
506,2,26,29.999999999999982,1,6,Student,69
507,2,27,29.999999999999982,1,6,Student,69
508,2,28,29.999999999999982,1,6,Student,69
509,2,29,29.999999999999982,1,6,Student,69
510,2,30,29.999999999999982,1,6,Student,69
511,2,31,29.999999999999982,1,6,Student,69
512,2,32,29.999999999999982,1,6,Student,69
513,2,33,29.999999999999982,1,6,Student,69
514,2,34,29.999999999999982,1,6,Student,69
515,2,35,29.999999999999982,1,6,Student,69
516,2,36,29.999999999999982,1,6,Student,69
517,2,37,29.999999999999982,1,6,Student,69
518,2,38,29.999999999999982,1,6,Student,69
519,2,39,29.999999999999982,1,6,Student,69
520,3,0,25.0,0,0,Student,78
521,3,1,29.1455588268693,0,0,Student,78
522,3,2,29.85398605633181,0,0,Student,78
523,3,3,29.975047934935745,0,0,Student,78
524,3,4,29.99573598565089,0,0,Student,78
525,3,5,29.99927133011546,0,0,Student,78
526,3,6,29.9998754788898,0,0,Student,78
527,3,7,29.999978720807302,0,0,Student,78
528,3,8,29.999996363636328,0,0,Student,78
529,3,9,29.99999937858823,0,0,Student,78
530,3,10,29.99999989380804,0,0,Student,78
531,3,11,29.99999998185304,0,0,Student,78
532,3,12,29.9999999968989,0,0,Student,78
533,3,13,29.99999999947006,0,0,Student,78
534,3,14,29.99999999990944,0,0,Student,78
535,3,15,29.999999999984524,0,0,Student,78
536,3,16,29.99999999999736,0,0,Student,78
537,3,17,29.99999999999955,0,0,Student,78
538,3,18,29.99999999999992,0,0,Student,78
539,3,19,29.999999999999982,0,0,Student,78
540,3,20,29.999999999999982,0,0,Student,78
541,3,21,29.999999999999982,0,0,Student,78
542,3,22,29.999999999999982,0,0,Student,78
543,3,23,29.999999999999982,0,0,Student,78
544,3,24,29.999999999999982,0,0,Student,78
545,3,25,29.999999999999982,0,0,Student,78
546,3,26,29.999999999999982,0,0,Student,78
547,3,27,29.999999999999982,0,0,Student,78
548,3,28,29.999999999999982,0,0,Student,78
549,3,29,29.999999999999982,0,0,Student,78
550,3,30,29.999999999999982,0,0,Student,78
551,3,31,29.999999999999982,0,1,Student,77
552,3,32,29.999999999999982,0,1,Student,77
553,3,33,29.999999999999982,0,2,Student,76
554,3,34,29.999999999999982,0,2,Student,76
555,3,35,29.999999999999982,0,2,Student,76
556,3,36,29.999999999999982,0,2,Student,76
557,3,37,29.999999999999982,0,2,Student,76
558,3,38,29.999999999999982,0,2,Student,76
559,3,39,29.999999999999982,0,3,Student,75
560,4,0,25.0,0,0,Student,78
561,4,1,25.0,0,0,Student,78
562,4,2,25.0,0,0,Student,78
563,4,3,25.0,0,0,Student,78
564,4,4,29.038753680227963,0,0,Student,78
565,4,5,29.835734313373283,0,0,Student,78
566,4,6,29.97192892680271,0,0,Student,78
567,4,7,29.99520298385725,0,0,Student,78
568,4,8,29.99918024637989,0,0,Student,78
569,4,9,29.999859913751028,0,0,Student,78
570,4,10,29.99997606090822,0,0,Student,78
571,4,11,29.999995909090867,0,0,Student,78
572,4,12,29.99999930091176,0,0,Student,78
573,4,13,29.999999880534045,0,0,Student,78
574,4,14,29.999999979584672,0,0,Student,78
575,4,15,29.999999996511264,0,0,Student,78
576,4,16,29.999999999403816,0,0,Student,78
577,4,17,29.99999999989812,0,0,Student,78
578,4,18,29.99999999998259,0,1,Student,77
579,4,19,29.999999999997023,0,1,Student,77
580,4,20,29.99999999999949,0,1,Student,77
581,4,21,29.99999999999991,0,1,Student,77
582,4,22,29.999999999999982,0,1,Student,77
583,4,23,29.999999999999982,0,1,Student,77
584,4,24,29.999999999999982,0,1,Student,77
585,4,25,29.999999999999982,0,1,Student,77
586,4,26,29.999999999999982,0,1,Student,77
587,4,27,29.999999999999982,0,1,Student,77
588,4,28,29.999999999999982,0,1,Student,77
589,4,29,29.999999999999982,0,1,Student,77
590,4,30,29.999999999999982,0,1,Student,77
591,4,31,29.999999999999982,0,1,Student,77
592,4,32,29.999999999999982,0,1,Student,77
593,4,33,29.999999999999982,0,1,Student,77
594,4,34,29.999999999999982,0,1,Student,77
595,4,35,29.999999999999982,0,1,Student,77
596,4,36,29.999999999999982,0,1,Student,77
597,4,37,29.999999999999982,0,1,Student,77
598,4,38,29.999999999999982,0,1,Student,77
599,4,39,29.999999999999982,0,1,Student,77
600,5,0,25.0,0,0,Student,78
601,5,1,25.0,0,0,Student,78
602,5,2,25.0,0,0,Student,78
603,5,3,25.0,0,0,Student,78
604,5,4,25.0,0,0,Student,78
605,5,5,25.0,0,1,Student,77
606,5,6,28.267802919426902,0,1,Student,77
607,5,7,29.70398789887631,0,1,Student,77
608,5,8,29.949415014611,0,1,Student,77
609,5,9,29.991355621148287,0,1,Student,77
610,5,10,29.998522777358588,0,1,Student,77
611,5,11,29.999747560030656,0,1,Student,77
612,5,12,29.99995686097929,0,1,Student,77
613,5,13,29.999992628048908,0,1,Student,77
614,5,14,29.99999874022029,0,1,Student,77
615,5,15,29.99999978471847,0,1,Student,77
616,5,16,29.99999996321092,0,1,Student,77
617,5,17,29.999999993713185,0,2,Student,76
618,5,18,29.99999999892566,0,2,Student,76
619,5,19,29.999999999816406,0,2,Student,76
620,5,20,29.99999999996863,0,2,Student,76
621,5,21,29.99999999999464,0,3,Student,75
622,5,22,29.999999999999083,0,3,Student,75
623,5,23,29.999999999999844,0,3,Student,75
624,5,24,29.99999999999997,0,3,Student,75
625,5,25,29.999999999999982,0,3,Student,75
626,5,26,29.999999999999982,0,3,Student,75
627,5,27,29.999999999999982,0,3,Student,75
628,5,28,29.999999999999982,0,3,Student,75
629,5,29,29.999999999999982,0,3,Student,75
630,5,30,29.999999999999982,0,3,Student,75
631,5,31,29.999999999999982,0,3,Student,75
632,5,32,29.999999999999982,0,3,Student,75
633,5,33,29.999999999999982,0,3,Student,75
634,5,34,29.999999999999982,0,3,Student,75
635,5,35,29.999999999999982,0,3,Student,75
636,5,36,29.999999999999982,0,3,Student,75
637,5,37,29.999999999999982,0,3,Student,75
638,5,38,29.999999999999982,0,3,Student,75
639,5,39,29.999999999999982,0,3,Student,75
640,6,0,25.0,0,0,Student,78
641,6,1,25.0,0,0,Student,78
642,6,2,25.0,0,0,Student,78
643,6,3,25.0,0,0,Student,78
644,6,4,25.0,0,0,Student,78
645,6,5,25.0,0,0,Student,78
646,6,6,25.0,0,0,Student,78
647,6,7,29.1455588268693,0,0,Student,78
648,6,8,29.85398605633181,0,0,Student,78
649,6,9,29.975047934935745,0,0,Student,78
650,6,10,29.99573598565089,0,0,Student,78
651,6,11,29.99927133011546,0,0,Student,78
652,6,12,29.9998754788898,0,0,Student,78
653,6,13,29.999978720807302,0,1,Student,77
654,6,14,29.999996363636328,0,1,Student,77
655,6,15,29.99999937858823,0,1,Student,77
656,6,16,29.99999989380804,0,1,Student,77
657,6,17,29.99999998185304,0,1,Student,77
658,6,18,29.9999999968989,0,1,Student,77
659,6,19,29.99999999947006,0,1,Student,77
660,6,20,29.99999999990944,0,1,Student,77
661,6,21,29.999999999984524,0,2,Student,76
662,6,22,29.99999999999736,0,2,Student,76
663,6,23,29.99999999999955,0,2,Student,76
664,6,24,29.99999999999992,0,2,Student,76
665,6,25,29.999999999999982,0,3,Student,75
666,6,26,29.999999999999982,0,3,Student,75
667,6,27,29.999999999999982,0,3,Student,75
668,6,28,29.999999999999982,0,3,Student,75
669,6,29,29.999999999999982,0,3,Student,75
670,6,30,29.999999999999982,0,3,Student,75
671,6,31,29.999999999999982,0,3,Student,75
672,6,32,29.999999999999982,0,3,Student,75
673,6,33,29.999999999999982,0,3,Student,75
674,6,34,29.999999999999982,0,3,Student,75
675,6,35,29.999999999999982,0,3,Student,75
676,6,36,29.999999999999982,0,3,Student,75
677,6,37,29.999999999999982,0,3,Student,75
678,6,38,29.999999999999982,0,3,Student,75
679,6,39,29.999999999999982,0,3,Student,75
680,7,0,25.0,0,0,Student,78
681,7,1,29.1455588268693,0,0,Student,78
682,7,2,29.85398605633181,0,0,Student,78
683,7,3,29.975047934935745,0,0,Student,78
684,7,4,29.99573598565089,0,0,Student,78
685,7,5,29.99927133011546,0,0,Student,78
686,7,6,29.9998754788898,0,0,Student,78
687,7,7,29.999978720807302,0,0,Student,78
688,7,8,29.999996363636328,0,1,Student,77
689,7,9,29.99999937858823,0,1,Student,77
690,7,10,29.99999989380804,0,1,Student,77
691,7,11,29.99999998185304,0,1,Student,77
692,7,12,29.9999999968989,0,1,Student,77
693,7,13,29.99999999947006,0,1,Student,77
694,7,14,29.99999999990944,0,1,Student,77
695,7,15,29.999999999984524,0,1,Student,77
696,7,16,29.99999999999736,0,1,Student,77
697,7,17,29.99999999999955,0,1,Student,77
698,7,18,29.99999999999992,0,1,Student,77
699,7,19,29.999999999999982,0,1,Student,77
700,7,20,29.999999999999982,1,1,Student,72
701,7,21,29.999999999999982,1,1,Student,72
702,7,22,29.999999999999982,1,1,Student,72
703,7,23,29.999999999999982,1,1,Student,72
704,7,24,29.999999999999982,1,1,Student,72
705,7,25,29.999999999999982,1,1,Student,72
706,7,26,29.999999999999982,1,1,Student,72
707,7,27,29.999999999999982,1,1,Student,72
708,7,28,29.999999999999982,1,1,Student,72
709,7,29,29.999999999999982,1,1,Student,72
710,7,30,29.999999999999982,1,1,Student,72
711,7,31,29.999999999999982,1,1,Student,72
712,7,32,29.999999999999982,1,1,Student,72
713,7,33,29.999999999999982,1,1,Student,72
714,7,34,29.999999999999982,1,2,Student,71
715,7,35,29.999999999999982,1,2,Student,71
716,7,36,29.999999999999982,1,2,Student,71
717,7,37,29.999999999999982,1,2,Student,71
718,7,38,29.999999999999982,1,2,Student,71
719,7,39,29.999999999999982,1,2,Student,71
720,8,0,25.0,0,0,Student,78
721,8,1,25.0,0,0,Student,78
722,8,2,25.0,0,0,Student,78
723,8,3,25.0,0,0,Student,78
724,8,4,25.0,0,0,Student,78
725,8,5,25.0,0,0,Student,78
726,8,6,25.0,0,0,Student,78
727,8,7,25.0,0,0,Student,78
728,8,8,25.0,0,0,Student,78
729,8,9,25.0,0,0,Student,78
730,8,10,25.0,0,0,Student,78
731,8,11,25.0,0,0,Student,78
732,8,12,25.0,0,0,Student,78
733,8,13,25.0,0,0,Student,78
734,8,14,25.0,0,0,Student,78
735,8,15,26.488340192043896,0,0,Student,78
736,8,16,29.39989865481081,0,0,Student,78
737,8,17,29.897449740523847,0,0,Student,78
738,8,18,29.98247536719767,0,0,Student,78
739,8,19,29.997005246437936,0,0,Student,78
740,8,20,29.999488231850638,0,0,Student,78
741,8,21,29.999912544844413,0,0,Student,78
742,8,22,29.99998505494285,0,0,Student,78
743,8,23,29.999997446065567,0,1,Student,77
744,8,24,29.999999563562653,0,1,Student,77
745,8,25,29.99999992541799,0,1,Student,77
746,8,26,29.99999998725481,0,1,Student,77
747,8,27,29.999999997822,0,1,Student,77
748,8,28,29.999999999627804,0,2,Student,76
749,8,29,29.9999999999364,0,2,Student,76
750,8,30,29.99999999998913,0,2,Student,76
751,8,31,29.999999999998145,0,2,Student,76
752,8,32,29.999999999999684,0,2,Student,76
753,8,33,29.999999999999943,0,2,Student,76
754,8,34,29.999999999999982,0,2,Student,76
755,8,35,29.999999999999982,0,2,Student,76
756,8,36,29.999999999999982,0,2,Student,76
757,8,37,29.999999999999982,0,2,Student,76
758,8,38,29.999999999999982,0,3,Student,75
759,8,39,29.999999999999982,0,3,Student,75
760,9,0,25.0,0,0,Student,78
761,9,1,25.0,0,0,Student,78
762,9,2,27.53364907863714,0,0,Student,78
763,9,3,29.578529645079747,0,0,Student,78
764,9,4,29.927975675100427,0,0,Student,78
765,9,5,29.98769189026777,0,0,Student,78
766,9,6,29.997896688856272,0,0,Student,78
767,9,7,29.999640568871776,0,0,Student,78
768,9,8,29.999938577449026,0,0,Student,78
769,9,9,29.9999895036087,0,0,Student,78
770,9,10,29.99999820629022,0,0,Student,78
771,9,11,29.999999693476106,0,0,Student,78
772,9,12,29.99999994761867,0,0,Student,78
773,9,13,29.999999991048647,0,1,Student,77
774,9,14,29.99999999847032,0,1,Student,77
775,9,15,29.99999999973859,0,1,Student,77
776,9,16,29.99999999995533,0,1,Student,77
777,9,17,29.999999999992365,0,1,Student,77
778,9,18,29.999999999998696,0,1,Student,77
779,9,19,29.99999999999978,0,1,Student,77
780,9,20,29.99999999999996,0,1,Student,77
781,9,21,29.999999999999982,0,1,Student,77
782,9,22,29.999999999999982,0,1,Student,77
783,9,23,29.999999999999982,0,1,Student,77
784,9,24,29.999999999999982,0,1,Student,77
785,9,25,29.999999999999982,0,1,Student,77
786,9,26,29.999999999999982,0,1,Student,77
787,9,27,29.999999999999982,0,1,Student,77
788,9,28,29.999999999999982,0,1,Student,77
789,9,29,29.999999999999982,0,1,Student,77
790,9,30,29.999999999999982,0,1,Student,77
791,9,31,29.999999999999982,0,1,Student,77
792,9,32,29.999999999999982,0,1,Student,77
793,9,33,29.999999999999982,0,1,Student,77
794,9,34,29.999999999999982,0,2,Student,76
795,9,35,29.999999999999982,0,2,Student,76
796,9,36,29.999999999999982,0,2,Student,76
797,9,37,29.999999999999982,0,2,Student,76
798,9,38,29.999999999999982,0,3,Student,75
799,9,39,29.999999999999982,0,3,Student,75
800,0,0,25.0,0,0,Demolition,78
801,0,1,25.0,0,0,Demolition,78
802,0,2,25.0,0,0,Demolition,78
803,0,3,25.0,1,0,Demolition,73
804,0,4,26.87852461515013,1,0,Demolition,73
805,0,5,29.466576582054056,1,0,Demolition,73
806,0,6,29.90884421379897,1,0,Demolition,73
807,0,7,29.98442254862015,2,0,Demolition,68
808,0,8,29.99733799683372,3,0,Demolition,64
809,0,9,29.99954509497834,3,0,Demolition,64
810,0,10,29.999922262083924,3,0,Demolition,64
811,0,11,29.99998671550476,3,0,Demolition,64
812,0,12,29.99999772983606,3,0,Demolition,64
813,0,13,29.99999961205569,3,0,Demolition,64
814,0,14,29.99999993370488,4,0,Demolition,60
815,0,15,29.999999988670943,4,0,Demolition,60
816,0,16,29.999999998064,4,0,Demolition,60
817,0,17,29.99999999966916,4,0,Demolition,60
818,0,18,29.999999999943466,4,0,Demolition,60
819,0,19,29.999999999990337,4,0,Demolition,60
820,0,20,29.999999999998348,4,0,Demolition,60
821,0,21,29.99999999999972,4,0,Demolition,60
822,0,22,29.99999999999995,4,0,Demolition,60
823,0,23,29.999999999999982,4,0,Demolition,60
824,0,24,29.999999999999982,5,0,Demolition,54
825,0,25,29.999999999999982,6,0,Demolition,49
826,0,26,29.999999999999982,6,0,Demolition,49
827,0,27,29.999999999999982,6,0,Demolition,49
828,0,28,29.999999999999982,6,0,Demolition,49
829,0,29,29.999999999999982,6,0,Demolition,49
830,0,30,29.999999999999982,6,0,Demolition,49
831,0,31,29.999999999999982,7,0,Demolition,42
832,0,32,29.999999999999982,7,0,Demolition,42
833,0,33,29.999999999999982,7,0,Demolition,42
834,0,34,29.999999999999982,7,0,Demolition,42
835,0,35,29.999999999999982,7,0,Demolition,42
836,0,36,29.999999999999982,7,0,Demolition,42
837,0,37,29.999999999999982,7,0,Demolition,42
838,0,38,29.999999999999982,7,0,Demolition,42
839,0,39,29.999999999999982,8,0,Demolition,36
840,1,0,25.0,0,0,Demolition,78
841,1,1,25.0,0,0,Demolition,78
842,1,2,25.0,0,0,Demolition,78
843,1,3,25.0,1,0,Demolition,73
844,1,4,25.0,1,0,Demolition,73
845,1,5,25.0,1,0,Demolition,73
846,1,6,25.0,1,0,Demolition,73
847,1,7,28.267802919426902,1,0,Demolition,73
848,1,8,29.70398789887631,1,0,Demolition,73
849,1,9,29.949415014611,1,0,Demolition,73
850,1,10,29.991355621148287,1,0,Demolition,73
851,1,11,29.998522777358588,2,0,Demolition,68
852,1,12,29.999747560030656,3,0,Demolition,64
853,1,13,29.99995686097929,3,0,Demolition,64
854,1,14,29.999992628048908,3,0,Demolition,64
855,1,15,29.99999874022029,3,0,Demolition,64
856,1,16,29.99999978471847,3,0,Demolition,64
857,1,17,29.99999996321092,3,0,Demolition,64
858,1,18,29.999999993713185,4,0,Demolition,60
859,1,19,29.99999999892566,4,0,Demolition,60
860,1,20,29.999999999816406,4,0,Demolition,60
861,1,21,29.99999999996863,5,0,Demolition,54
862,1,22,29.99999999999464,5,0,Demolition,54
863,1,23,29.999999999999083,5,0,Demolition,54
864,1,24,29.999999999999844,5,0,Demolition,54
865,1,25,29.99999999999997,5,0,Demolition,54
866,1,26,29.999999999999982,5,0,Demolition,54
867,1,27,29.999999999999982,6,0,Demolition,49
868,1,28,29.999999999999982,6,0,Demolition,49
869,1,29,29.999999999999982,6,0,Demolition,49
870,1,30,29.999999999999982,7,0,Demolition,42
871,1,31,29.999999999999982,7,0,Demolition,42
872,1,32,29.999999999999982,7,0,Demolition,42
873,1,33,29.999999999999982,7,0,Demolition,42
874,1,34,29.999999999999982,7,1,Demolition,41
875,1,35,29.999999999999982,7,1,Demolition,41
876,1,36,29.999999999999982,7,1,Demolition,41
877,1,37,29.999999999999982,7,1,Demolition,41
878,1,38,29.999999999999982,7,1,Demolition,41
879,1,39,29.999999999999982,7,1,Demolition,41
880,2,0,25.0,0,0,Demolition,78
881,2,1,25.0,0,0,Demolition,78
882,2,2,29.1455588268693,0,0,Demolition,78
883,2,3,29.85398605633181,0,0,Demolition,78
884,2,4,29.975047934935745,1,0,Demolition,73
885,2,5,29.99573598565089,1,0,Demolition,73
886,2,6,29.99927133011546,1,0,Demolition,73
887,2,7,29.9998754788898,1,0,Demolition,73
888,2,8,29.999978720807302,1,0,Demolition,73
889,2,9,29.999996363636328,1,0,Demolition,73
890,2,10,29.99999937858823,1,0,Demolition,73
891,2,11,29.99999989380804,1,0,Demolition,73
892,2,12,29.99999998185304,1,0,Demolition,73
893,2,13,29.9999999968989,1,0,Demolition,73
894,2,14,29.99999999947006,2,0,Demolition,68
895,2,15,29.99999999990944,3,0,Demolition,64
896,2,16,29.999999999984524,3,0,Demolition,64
897,2,17,29.99999999999736,3,0,Demolition,64
898,2,18,29.99999999999955,3,0,Demolition,64
899,2,19,29.99999999999992,3,0,Demolition,64
900,2,20,29.999999999999982,3,0,Demolition,64
901,2,21,29.999999999999982,4,0,Demolition,60
902,2,22,29.999999999999982,5,0,Demolition,54
903,2,23,29.999999999999982,5,0,Demolition,54
904,2,24,29.999999999999982,5,0,Demolition,54
905,2,25,29.999999999999982,5,0,Demolition,54
906,2,26,29.999999999999982,5,0,Demolition,54
907,2,27,29.999999999999982,5,0,Demolition,54
908,2,28,29.999999999999982,5,0,Demolition,54
909,2,29,29.999999999999982,6,0,Demolition,49
910,2,30,29.999999999999982,7,0,Demolition,42
911,2,31,29.999999999999982,8,0,Demolition,36
912,2,32,29.999999999999982,8,0,Demolition,36
913,2,33,29.999999999999982,8,0,Demolition,36
914,2,34,29.999999999999982,8,0,Demolition,36
915,2,35,29.999999999999982,8,0,Demolition,36
916,2,36,29.999999999999982,8,0,Demolition,36
917,2,37,29.999999999999982,8,0,Demolition,36
918,2,38,29.999999999999982,8,0,Demolition,36
919,2,39,29.999999999999982,8,0,Demolition,36
920,3,0,25.0,0,0,Demolition,78
921,3,1,25.0,0,0,Demolition,78
922,3,2,28.05127828435527,0,0,Demolition,78
923,3,3,29.66698638623585,0,0,Demolition,78
924,3,4,29.943091891437373,0,0,Demolition,78
925,3,5,29.99027507379182,1,0,Demolition,73
926,3,6,29.998338124528413,2,0,Demolition,68
927,3,7,29.99971600503449,2,0,Demolition,68
928,3,8,29.9999514686017,2,0,Demolition,68
929,3,9,29.999991706555026,2,0,Demolition,68
930,3,10,29.99999858274783,2,0,Demolition,68
931,3,11,29.99999975780828,2,0,Demolition,68
932,3,12,29.99999995861228,2,0,Demolition,68
933,3,13,29.99999999292733,2,0,Demolition,68
934,3,14,29.999999998791367,3,0,Demolition,64
935,3,15,29.999999999793456,3,0,Demolition,64
936,3,16,29.999999999964707,3,0,Demolition,64
937,3,17,29.999999999993967,4,0,Demolition,60
938,3,18,29.99999999999897,5,0,Demolition,54
939,3,19,29.999999999999822,5,0,Demolition,54
940,3,20,29.999999999999968,5,0,Demolition,54
941,3,21,29.999999999999982,5,0,Demolition,54
942,3,22,29.999999999999982,5,0,Demolition,54
943,3,23,29.999999999999982,6,0,Demolition,49
944,3,24,29.999999999999982,6,0,Demolition,49
945,3,25,29.999999999999982,6,0,Demolition,49
946,3,26,29.999999999999982,6,0,Demolition,49
947,3,27,29.999999999999982,6,0,Demolition,49
948,3,28,29.999999999999982,7,0,Demolition,42
949,3,29,29.999999999999982,7,0,Demolition,42
950,3,30,29.999999999999982,7,0,Demolition,42
951,3,31,29.999999999999982,8,0,Demolition,36
952,3,32,29.999999999999982,8,0,Demolition,36
953,3,33,29.999999999999982,8,0,Demolition,36
954,3,34,29.999999999999982,8,0,Demolition,36
955,3,35,29.999999999999982,8,0,Demolition,36
956,3,36,29.999999999999982,8,0,Demolition,36
957,3,37,29.999999999999982,9,0,Demolition,30
958,3,38,29.999999999999982,9,0,Demolition,30
959,3,39,29.999999999999982,9,0,Demolition,30
960,4,0,25.0,0,1,Demolition,77
961,4,1,25.0,0,2,Demolition,76
962,4,2,25.0,0,2,Demolition,76
963,4,3,25.0,0,2,Demolition,76
964,4,4,25.0,1,2,Demolition,71
965,4,5,25.0,1,2,Demolition,71
966,4,6,25.0,1,2,Demolition,71
967,4,7,25.0,1,2,Demolition,71
968,4,8,29.1455588268693,1,2,Demolition,71
969,4,9,29.85398605633181,1,2,Demolition,71
970,4,10,29.975047934935745,2,2,Demolition,66
971,4,11,29.99573598565089,2,2,Demolition,66
972,4,12,29.99927133011546,2,2,Demolition,66
973,4,13,29.9998754788898,2,2,Demolition,66
974,4,14,29.999978720807302,2,2,Demolition,66
975,4,15,29.999996363636328,2,2,Demolition,66
976,4,16,29.99999937858823,3,2,Demolition,62
977,4,17,29.99999989380804,3,2,Demolition,62
978,4,18,29.99999998185304,3,2,Demolition,62
979,4,19,29.9999999968989,3,2,Demolition,62
980,4,20,29.99999999947006,3,2,Demolition,62
981,4,21,29.99999999990944,3,2,Demolition,62
982,4,22,29.999999999984524,3,2,Demolition,62
983,4,23,29.99999999999736,4,2,Demolition,58
984,4,24,29.99999999999955,5,2,Demolition,52
985,4,25,29.99999999999992,5,2,Demolition,52
986,4,26,29.999999999999982,5,2,Demolition,52
987,4,27,29.999999999999982,5,2,Demolition,52
988,4,28,29.999999999999982,5,2,Demolition,52
989,4,29,29.999999999999982,5,2,Demolition,52
990,4,30,29.999999999999982,6,2,Demolition,47
991,4,31,29.999999999999982,7,2,Demolition,40
992,4,32,29.999999999999982,7,2,Demolition,40
993,4,33,29.999999999999982,7,2,Demolition,40
994,4,34,29.999999999999982,7,2,Demolition,40
995,4,35,29.999999999999982,7,2,Demolition,40
996,4,36,29.999999999999982,7,2,Demolition,40
997,4,37,29.999999999999982,7,2,Demolition,40
998,4,38,29.999999999999982,8,2,Demolition,34
999,4,39,29.999999999999982,8,2,Demolition,34
1000,5,0,25.0,0,0,Demolition,78
1001,5,1,29.1455588268693,0,0,Demolition,78
1002,5,2,29.85398605633181,0,0,Demolition,78
1003,5,3,29.975047934935745,0,0,Demolition,78
1004,5,4,29.99573598565089,0,0,Demolition,78
1005,5,5,29.99927133011546,1,0,Demolition,73
1006,5,6,29.9998754788898,1,0,Demolition,73
1007,5,7,29.999978720807302,2,0,Demolition,68
1008,5,8,29.999996363636328,2,0,Demolition,68
1009,5,9,29.99999937858823,2,0,Demolition,68
1010,5,10,29.99999989380804,2,0,Demolition,68
1011,5,11,29.99999998185304,2,0,Demolition,68
1012,5,12,29.9999999968989,3,0,Demolition,64
1013,5,13,29.99999999947006,4,0,Demolition,60
1014,5,14,29.99999999990944,4,0,Demolition,60
1015,5,15,29.999999999984524,4,0,Demolition,60
1016,5,16,29.99999999999736,4,0,Demolition,60
1017,5,17,29.99999999999955,4,0,Demolition,60
1018,5,18,29.99999999999992,4,0,Demolition,60
1019,5,19,29.999999999999982,4,0,Demolition,60
1020,5,20,29.999999999999982,5,0,Demolition,54
1021,5,21,29.999999999999982,6,0,Demolition,49
1022,5,22,29.999999999999982,7,0,Demolition,42
1023,5,23,29.999999999999982,7,0,Demolition,42
1024,5,24,29.999999999999982,7,0,Demolition,42
1025,5,25,29.999999999999982,7,0,Demolition,42
1026,5,26,29.999999999999982,7,0,Demolition,42
1027,5,27,29.999999999999982,7,0,Demolition,42
1028,5,28,29.999999999999982,7,0,Demolition,42
1029,5,29,29.999999999999982,7,0,Demolition,42
1030,5,30,29.999999999999982,8,0,Demolition,36
1031,5,31,29.999999999999982,8,0,Demolition,36
1032,5,32,29.999999999999982,9,0,Demolition,30
1033,5,33,29.999999999999982,9,0,Demolition,30
1034,5,34,29.999999999999982,9,0,Demolition,30
1035,5,35,29.999999999999982,9,0,Demolition,30
1036,5,36,29.999999999999982,9,0,Demolition,30
1037,5,37,29.999999999999982,9,0,Demolition,30
1038,5,38,29.999999999999982,9,0,Demolition,30
1039,5,39,29.999999999999982,10,0,Demolition,23
1040,6,0,25.0,0,1,Demolition,77
1041,6,1,25.0,0,1,Demolition,77
1042,6,2,25.0,0,1,Demolition,77
1043,6,3,25.0,0,1,Demolition,77
1044,6,4,25.0,0,1,Demolition,77
1045,6,5,25.0,0,1,Demolition,77
1046,6,6,25.0,0,1,Demolition,77
1047,6,7,25.0,0,1,Demolition,77
1048,6,8,25.0,0,1,Demolition,77
1049,6,9,25.0,0,1,Demolition,77
1050,6,10,27.225355213466784,0,1,Demolition,77
1051,6,11,29.52584585071472,0,1,Demolition,77
1052,6,12,29.91897263448798,0,1,Demolition,77
1053,6,13,29.986153376551243,0,1,Demolition,77
1054,6,14,29.997633774963308,0,1,Demolition,77
1055,6,15,29.999595639980747,0,1,Demolition,77
1056,6,16,29.999930899630154,0,1,Demolition,77
1057,6,17,29.999988191559787,1,1,Demolition,72
1058,6,18,29.999997982076497,1,1,Demolition,72
1059,6,19,29.99999965516061,1,1,Demolition,72
1060,6,20,29.999999941071003,1,1,Demolition,72
1061,6,21,29.999999989929726,1,1,Demolition,72
1062,6,22,29.99999999827911,1,1,Demolition,72
1063,6,23,29.99999999970592,1,1,Demolition,72
1064,6,24,29.999999999949747,2,1,Demolition,67
1065,6,25,29.99999999999141,3,1,Demolition,63
1066,6,26,29.999999999998533,3,1,Demolition,63
1067,6,27,29.99999999999975,3,1,Demolition,63
1068,6,28,29.99999999999996,3,1,Demolition,63
1069,6,29,29.999999999999982,3,1,Demolition,63
1070,6,30,29.999999999999982,3,1,Demolition,63
1071,6,31,29.999999999999982,4,1,Demolition,59
1072,6,32,29.999999999999982,5,1,Demolition,53
1073,6,33,29.999999999999982,6,1,Demolition,48
1074,6,34,29.999999999999982,6,1,Demolition,48
1075,6,35,29.999999999999982,6,1,Demolition,48
1076,6,36,29.999999999999982,6,1,Demolition,48
1077,6,37,29.999999999999982,6,1,Demolition,48
1078,6,38,29.999999999999982,6,1,Demolition,48
1079,6,39,29.999999999999982,6,1,Demolition,48
1080,7,0,25.0,0,1,Demolition,77
1081,7,1,26.488340192043896,0,1,Demolition,77
1082,7,2,29.39989865481081,0,1,Demolition,77
1083,7,3,29.897449740523847,0,1,Demolition,77
1084,7,4,29.98247536719767,0,1,Demolition,77
1085,7,5,29.997005246437936,0,1,Demolition,77
1086,7,6,29.999488231850638,1,1,Demolition,72
1087,7,7,29.999912544844413,2,1,Demolition,67
1088,7,8,29.99998505494285,2,1,Demolition,67
1089,7,9,29.999997446065567,2,1,Demolition,67
1090,7,10,29.999999563562653,2,1,Demolition,67
1091,7,11,29.99999992541799,2,1,Demolition,67
1092,7,12,29.99999998725481,2,1,Demolition,67
1093,7,13,29.999999997822,2,1,Demolition,67
1094,7,14,29.999999999627804,2,1,Demolition,67
1095,7,15,29.9999999999364,2,1,Demolition,67
1096,7,16,29.99999999998913,2,1,Demolition,67
1097,7,17,29.999999999998145,2,1,Demolition,67
1098,7,18,29.999999999999684,3,1,Demolition,63
1099,7,19,29.999999999999943,4,1,Demolition,59
1100,7,20,29.999999999999982,4,1,Demolition,59
1101,7,21,29.999999999999982,4,1,Demolition,59
1102,7,22,29.999999999999982,4,1,Demolition,59
1103,7,23,29.999999999999982,4,1,Demolition,59
1104,7,24,29.999999999999982,4,1,Demolition,59
1105,7,25,29.999999999999982,4,1,Demolition,59
1106,7,26,29.999999999999982,4,1,Demolition,59
1107,7,27,29.999999999999982,5,1,Demolition,53
1108,7,28,29.999999999999982,6,2,Demolition,47
1109,7,29,29.999999999999982,6,2,Demolition,47
1110,7,30,29.999999999999982,6,2,Demolition,47
1111,7,31,29.999999999999982,6,2,Demolition,47
1112,7,32,29.999999999999982,6,2,Demolition,47
1113,7,33,29.999999999999982,6,2,Demolition,47
1114,7,34,29.999999999999982,6,2,Demolition,47
1115,7,35,29.999999999999982,7,2,Demolition,40
1116,7,36,29.999999999999982,7,2,Demolition,40
1117,7,37,29.999999999999982,7,2,Demolition,40
1118,7,38,29.999999999999982,7,2,Demolition,40
1119,7,39,29.999999999999982,7,2,Demolition,40
1120,8,0,25.0,0,0,Demolition,78
1121,8,1,29.1455588268693,0,0,Demolition,78
1122,8,2,29.85398605633181,0,0,Demolition,78
1123,8,3,29.975047934935745,0,0,Demolition,78
1124,8,4,29.99573598565089,0,0,Demolition,78
1125,8,5,29.99927133011546,0,0,Demolition,78
1126,8,6,29.9998754788898,1,0,Demolition,73
1127,8,7,29.999978720807302,1,0,Demolition,73
1128,8,8,29.999996363636328,1,0,Demolition,73
1129,8,9,29.99999937858823,1,0,Demolition,73
1130,8,10,29.99999989380804,1,0,Demolition,73
1131,8,11,29.99999998185304,1,0,Demolition,73
1132,8,12,29.9999999968989,2,0,Demolition,68
1133,8,13,29.99999999947006,3,0,Demolition,64
1134,8,14,29.99999999990944,4,0,Demolition,60
1135,8,15,29.999999999984524,5,0,Demolition,54
1136,8,16,29.99999999999736,5,0,Demolition,54
1137,8,17,29.99999999999955,5,0,Demolition,54
1138,8,18,29.99999999999992,5,0,Demolition,54
1139,8,19,29.999999999999982,5,0,Demolition,54
1140,8,20,29.999999999999982,5,0,Demolition,54
1141,8,21,29.999999999999982,6,0,Demolition,49
1142,8,22,29.999999999999982,7,0,Demolition,42
1143,8,23,29.999999999999982,7,0,Demolition,42
1144,8,24,29.999999999999982,7,0,Demolition,42
1145,8,25,29.999999999999982,7,0,Demolition,42
1146,8,26,29.999999999999982,7,0,Demolition,42
1147,8,27,29.999999999999982,7,0,Demolition,42
1148,8,28,29.999999999999982,8,0,Demolition,36
1149,8,29,29.999999999999982,9,0,Demolition,30
1150,8,30,29.999999999999982,9,0,Demolition,30
1151,8,31,29.999999999999982,9,0,Demolition,30
1152,8,32,29.999999999999982,9,0,Demolition,30
1153,8,33,29.999999999999982,9,0,Demolition,30
1154,8,34,29.999999999999982,9,0,Demolition,30
1155,8,35,29.999999999999982,9,0,Demolition,30
1156,8,36,29.999999999999982,9,0,Demolition,30
1157,8,37,29.999999999999982,10,0,Demolition,23
1158,8,38,29.999999999999982,10,0,Demolition,23
1159,8,39,29.999999999999982,10,0,Demolition,23
1160,9,0,25.0,0,0,Demolition,78
1161,9,1,29.1455588268693,0,0,Demolition,78
1162,9,2,29.85398605633181,1,0,Demolition,73
1163,9,3,29.975047934935745,2,0,Demolition,68
1164,9,4,29.99573598565089,2,0,Demolition,68
1165,9,5,29.99927133011546,2,0,Demolition,68
1166,9,6,29.9998754788898,3,0,Demolition,64
1167,9,7,29.999978720807302,3,0,Demolition,64
1168,9,8,29.999996363636328,3,0,Demolition,64
1169,9,9,29.99999937858823,3,0,Demolition,64
1170,9,10,29.99999989380804,4,0,Demolition,60
1171,9,11,29.99999998185304,4,0,Demolition,60
1172,9,12,29.9999999968989,4,0,Demolition,60
1173,9,13,29.99999999947006,4,0,Demolition,60
1174,9,14,29.99999999990944,4,0,Demolition,60
1175,9,15,29.999999999984524,4,0,Demolition,60
1176,9,16,29.99999999999736,4,0,Demolition,60
1177,9,17,29.99999999999955,4,0,Demolition,60
1178,9,18,29.99999999999992,4,0,Demolition,60
1179,9,19,29.999999999999982,4,0,Demolition,60
1180,9,20,29.999999999999982,5,0,Demolition,54
1181,9,21,29.999999999999982,6,0,Demolition,49
1182,9,22,29.999999999999982,6,0,Demolition,49
1183,9,23,29.999999999999982,6,0,Demolition,49
1184,9,24,29.999999999999982,6,0,Demolition,49
1185,9,25,29.999999999999982,6,0,Demolition,49
1186,9,26,29.999999999999982,6,0,Demolition,49
1187,9,27,29.999999999999982,6,0,Demolition,49
1188,9,28,29.999999999999982,6,0,Demolition,49
1189,9,29,29.999999999999982,7,0,Demolition,42
1190,9,30,29.999999999999982,7,0,Demolition,42
1191,9,31,29.999999999999982,7,0,Demolition,42
1192,9,32,29.999999999999982,7,0,Demolition,42
1193,9,33,29.999999999999982,7,0,Demolition,42
1194,9,34,29.999999999999982,7,0,Demolition,42
1195,9,35,29.999999999999982,8,0,Demolition,36
1196,9,36,29.999999999999982,8,0,Demolition,36
1197,9,37,29.999999999999982,9,0,Demolition,30
1198,9,38,29.999999999999982,10,0,Demolition,23
1199,9,39,29.999999999999982,10,0,Demolition,23
1200,0,0,25.0,0,0,Nasty,78
1201,0,1,25.0,0,0,Nasty,78
1202,0,2,28.783422626538517,0,0,Nasty,78
1203,0,3,29.79210124036306,0,0,Nasty,78
1204,0,4,29.96447254798468,0,0,Nasty,78
1205,0,5,29.99392877644434,1,0,Nasty,73
1206,0,6,29.99896249932455,1,0,Nasty,73
1207,0,7,29.999822703341145,2,0,Nasty,68
1208,0,8,29.999969702086965,2,0,Nasty,68
1209,0,9,29.999994822443128,2,0,Nasty,68
1210,0,10,29.999999115216447,2,0,Nasty,68
1211,0,11,29.999999848800897,3,1,Nasty,63
1212,0,12,29.99999997416185,3,1,Nasty,63
1213,0,13,29.999999995584567,3,1,Nasty,63
1214,0,14,29.999999999245457,3,2,Nasty,62
1215,0,15,29.999999999871054,3,2,Nasty,62
1216,0,16,29.99999999997797,4,2,Nasty,58
1217,0,17,29.999999999996238,5,2,Nasty,52
1218,0,18,29.99999999999936,5,2,Nasty,52
1219,0,19,29.99999999999989,5,2,Nasty,52
1220,0,20,29.999999999999982,5,2,Nasty,52
1221,0,21,29.999999999999982,6,3,Nasty,46
1222,0,22,29.999999999999982,7,4,Nasty,38
1223,0,23,29.999999999999982,8,4,Nasty,32
1224,0,24,29.999999999999982,9,4,Nasty,26
1225,0,25,29.999999999999982,9,4,Nasty,26
1226,0,26,29.999999999999982,9,4,Nasty,26
1227,0,27,29.999999999999982,9,4,Nasty,26
1228,0,28,29.999999999999982,10,4,Nasty,19
1229,0,29,29.999999999999982,10,4,Nasty,19
1230,0,30,29.999999999999982,10,4,Nasty,19
1231,0,31,29.999999999999982,10,4,Nasty,19
1232,0,32,29.999999999999982,10,4,Nasty,19
1233,0,33,29.999999999999982,10,4,Nasty,19
1234,0,34,29.999999999999982,10,4,Nasty,19
1235,0,35,29.999999999999982,10,4,Nasty,19
1236,0,36,29.999999999999982,11,4,Nasty,13
1237,0,37,29.999999999999982,11,4,Nasty,13
1238,0,38,29.999999999999982,12,4,Nasty,9
1239,0,39,29.999999999999982,12,4,Nasty,9
1240,1,0,25.0,0,0,Nasty,78
1241,1,1,25.0,0,0,Nasty,78
1242,1,2,25.0,0,0,Nasty,78
1243,1,3,25.0,0,0,Nasty,78
1244,1,4,25.0,1,1,Nasty,72
1245,1,5,25.0,2,1,Nasty,67
1246,1,6,25.0,2,1,Nasty,67
1247,1,7,25.0,2,1,Nasty,67
1248,1,8,25.0,2,1,Nasty,67
1249,1,9,25.0,2,1,Nasty,67
1250,1,10,25.0,2,1,Nasty,67
1251,1,11,26.049382716049383,3,1,Nasty,63
1252,1,12,29.324885986662164,3,1,Nasty,63
1253,1,13,29.88463095808933,3,1,Nasty,63
1254,1,14,29.98028478809738,4,1,Nasty,59
1255,1,15,29.99663090224268,4,1,Nasty,59
1256,1,16,29.999424260831965,4,1,Nasty,59
1257,1,17,29.99990161294997,4,1,Nasty,59
1258,1,18,29.99998318681071,5,1,Nasty,53
1259,1,19,29.999997126823764,5,1,Nasty,53
1260,1,20,29.999999509007985,6,1,Nasty,48
1261,1,21,29.99999991609524,7,1,Nasty,41
1262,1,22,29.99999998566166,7,1,Nasty,41
1263,1,23,29.99999999754975,7,1,Nasty,41
1264,1,24,29.99999999958128,7,1,Nasty,41
1265,1,25,29.99999999992845,8,1,Nasty,35
1266,1,26,29.99999999998777,8,2,Nasty,34
1267,1,27,29.99999999999791,8,2,Nasty,34
1268,1,28,29.999999999999645,8,2,Nasty,34
1269,1,29,29.999999999999936,8,2,Nasty,34
1270,1,30,29.999999999999982,8,2,Nasty,34
1271,1,31,29.999999999999982,8,2,Nasty,34
1272,1,32,29.999999999999982,8,2,Nasty,34
1273,1,33,29.999999999999982,9,2,Nasty,28
1274,1,34,29.999999999999982,9,2,Nasty,28
1275,1,35,29.999999999999982,9,2,Nasty,28
1276,1,36,29.999999999999982,9,2,Nasty,28
1277,1,37,29.999999999999982,10,2,Nasty,21
1278,1,38,29.999999999999982,10,2,Nasty,21
1279,1,39,29.999999999999982,11,2,Nasty,15
1280,2,0,25.0,0,0,Nasty,78
1281,2,1,29.1455588268693,0,0,Nasty,78
1282,2,2,29.85398605633181,0,0,Nasty,78
1283,2,3,29.975047934935745,1,0,Nasty,73
1284,2,4,29.99573598565089,1,1,Nasty,72
1285,2,5,29.99927133011546,1,1,Nasty,72
1286,2,6,29.9998754788898,1,1,Nasty,72
1287,2,7,29.999978720807302,1,1,Nasty,72
1288,2,8,29.999996363636328,1,1,Nasty,72
1289,2,9,29.99999937858823,1,1,Nasty,72
1290,2,10,29.99999989380804,1,1,Nasty,72
1291,2,11,29.99999998185304,2,2,Nasty,66
1292,2,12,29.9999999968989,3,2,Nasty,62
1293,2,13,29.99999999947006,4,2,Nasty,58
1294,2,14,29.99999999990944,4,2,Nasty,58
1295,2,15,29.999999999984524,4,2,Nasty,58
1296,2,16,29.99999999999736,4,2,Nasty,58
1297,2,17,29.99999999999955,4,2,Nasty,58
1298,2,18,29.99999999999992,4,2,Nasty,58
1299,2,19,29.999999999999982,4,2,Nasty,58
1300,2,20,29.999999999999982,4,2,Nasty,58
1301,2,21,29.999999999999982,5,2,Nasty,52
1302,2,22,29.999999999999982,5,2,Nasty,52
1303,2,23,29.999999999999982,5,2,Nasty,52
1304,2,24,29.999999999999982,6,2,Nasty,47
1305,2,25,29.999999999999982,6,2,Nasty,47
1306,2,26,29.999999999999982,7,2,Nasty,40
1307,2,27,29.999999999999982,8,2,Nasty,34
1308,2,28,29.999999999999982,8,2,Nasty,34
1309,2,29,29.999999999999982,8,2,Nasty,34
1310,2,30,29.999999999999982,8,2,Nasty,34
1311,2,31,29.999999999999982,9,2,Nasty,28
1312,2,32,29.999999999999982,10,2,Nasty,21
1313,2,33,29.999999999999982,10,2,Nasty,21
1314,2,34,29.999999999999982,11,2,Nasty,15
1315,2,35,29.999999999999982,11,2,Nasty,15
1316,2,36,29.999999999999982,11,2,Nasty,15
1317,2,37,29.999999999999982,12,2,Nasty,10
1318,2,38,29.999999999999982,12,2,Nasty,10
1319,2,39,29.999999999999982,12,2,Nasty,10
1320,3,0,25.0,0,0,Nasty,78
1321,3,1,29.1455588268693,0,0,Nasty,78
1322,3,2,29.85398605633181,0,0,Nasty,78
1323,3,3,29.975047934935745,0,0,Nasty,78
1324,3,4,29.99573598565089,1,0,Nasty,73
1325,3,5,29.99927133011546,1,0,Nasty,73
1326,3,6,29.9998754788898,1,0,Nasty,73
1327,3,7,29.999978720807302,1,0,Nasty,73
1328,3,8,29.999996363636328,2,0,Nasty,68
1329,3,9,29.99999937858823,2,0,Nasty,68
1330,3,10,29.99999989380804,3,0,Nasty,64
1331,3,11,29.99999998185304,4,0,Nasty,60
1332,3,12,29.9999999968989,5,0,Nasty,54
1333,3,13,29.99999999947006,5,0,Nasty,54
1334,3,14,29.99999999990944,5,0,Nasty,54
1335,3,15,29.999999999984524,5,0,Nasty,54
1336,3,16,29.99999999999736,5,0,Nasty,54
1337,3,17,29.99999999999955,6,0,Nasty,49
1338,3,18,29.99999999999992,7,1,Nasty,41
1339,3,19,29.999999999999982,7,1,Nasty,41
1340,3,20,29.999999999999982,8,1,Nasty,35
1341,3,21,29.999999999999982,9,1,Nasty,29
1342,3,22,29.999999999999982,9,1,Nasty,29
1343,3,23,29.999999999999982,9,1,Nasty,29
1344,3,24,29.999999999999982,9,1,Nasty,29
1345,3,25,29.999999999999982,9,1,Nasty,29
1346,3,26,29.999999999999982,10,1,Nasty,22
1347,3,27,29.999999999999982,10,1,Nasty,22
1348,3,28,29.999999999999982,10,1,Nasty,22
1349,3,29,29.999999999999982,10,1,Nasty,22
1350,3,30,29.999999999999982,10,1,Nasty,22
1351,3,31,29.999999999999982,11,1,Nasty,16
1352,3,32,29.999999999999982,11,1,Nasty,16
1353,3,33,29.999999999999982,11,1,Nasty,16
1354,3,34,29.999999999999982,11,1,Nasty,16
1355,3,35,29.999999999999982,11,1,Nasty,16
1356,3,36,29.999999999999982,11,1,Nasty,16
1357,3,37,29.999999999999982,11,1,Nasty,16
1358,3,38,29.999999999999982,12,1,Nasty,11
1359,3,39,29.999999999999982,12,1,Nasty,11
1360,4,0,25.0,0,1,Nasty,77
1361,4,1,29.1455588268693,0,1,Nasty,77
1362,4,2,29.85398605633181,0,1,Nasty,77
1363,4,3,29.975047934935745,0,1,Nasty,77
1364,4,4,29.99573598565089,1,1,Nasty,72
1365,4,5,29.99927133011546,2,1,Nasty,67
1366,4,6,29.9998754788898,2,2,Nasty,66
1367,4,7,29.999978720807302,2,2,Nasty,66
1368,4,8,29.999996363636328,2,2,Nasty,66
1369,4,9,29.99999937858823,2,2,Nasty,66
1370,4,10,29.99999989380804,2,2,Nasty,66
1371,4,11,29.99999998185304,2,2,Nasty,66
1372,4,12,29.9999999968989,3,2,Nasty,62
1373,4,13,29.99999999947006,4,2,Nasty,58
1374,4,14,29.99999999990944,4,3,Nasty,57
1375,4,15,29.999999999984524,5,3,Nasty,51
1376,4,16,29.99999999999736,6,3,Nasty,46
1377,4,17,29.99999999999955,6,3,Nasty,46
1378,4,18,29.99999999999992,7,3,Nasty,39
1379,4,19,29.999999999999982,7,3,Nasty,39
1380,4,20,29.999999999999982,8,3,Nasty,33
1381,4,21,29.999999999999982,8,3,Nasty,33
1382,4,22,29.999999999999982,8,3,Nasty,33
1383,4,23,29.999999999999982,8,4,Nasty,32
1384,4,24,29.999999999999982,8,4,Nasty,32
1385,4,25,29.999999999999982,8,4,Nasty,32
1386,4,26,29.999999999999982,8,4,Nasty,32
1387,4,27,29.999999999999982,8,4,Nasty,32
1388,4,28,29.999999999999982,8,4,Nasty,32
1389,4,29,29.999999999999982,8,4,Nasty,32
1390,4,30,29.999999999999982,8,4,Nasty,32
1391,4,31,29.999999999999982,9,4,Nasty,26
1392,4,32,29.999999999999982,9,4,Nasty,26
1393,4,33,29.999999999999982,9,4,Nasty,26
1394,4,34,29.999999999999982,9,4,Nasty,26
1395,4,35,29.999999999999982,9,4,Nasty,26
1396,4,36,29.999999999999982,10,4,Nasty,19
1397,4,37,29.999999999999982,10,5,Nasty,18
1398,4,38,29.999999999999982,10,5,Nasty,18
1399,4,39,29.999999999999982,10,5,Nasty,18
1400,5,0,25.0,0,1,Nasty,77
1401,5,1,25.0,0,1,Nasty,77
1402,5,2,28.05127828435527,0,1,Nasty,77
1403,5,3,29.66698638623585,0,1,Nasty,77
1404,5,4,29.943091891437373,0,1,Nasty,77
1405,5,5,29.99027507379182,0,1,Nasty,77
1406,5,6,29.998338124528413,0,2,Nasty,76
1407,5,7,29.99971600503449,1,2,Nasty,71
1408,5,8,29.9999514686017,1,2,Nasty,71
1409,5,9,29.999991706555026,1,2,Nasty,71
1410,5,10,29.99999858274783,1,2,Nasty,71
1411,5,11,29.99999975780828,1,2,Nasty,71
1412,5,12,29.99999995861228,2,2,Nasty,66
1413,5,13,29.99999999292733,2,2,Nasty,66
1414,5,14,29.999999998791367,2,2,Nasty,66
1415,5,15,29.999999999793456,2,3,Nasty,65
1416,5,16,29.999999999964707,3,4,Nasty,61
1417,5,17,29.999999999993967,3,4,Nasty,61
1418,5,18,29.99999999999897,4,4,Nasty,56
1419,5,19,29.999999999999822,4,4,Nasty,56
1420,5,20,29.999999999999968,4,5,Nasty,55
1421,5,21,29.999999999999982,5,5,Nasty,50
1422,5,22,29.999999999999982,5,5,Nasty,50
1423,5,23,29.999999999999982,5,5,Nasty,50
1424,5,24,29.999999999999982,5,5,Nasty,50
1425,5,25,29.999999999999982,5,5,Nasty,50
1426,5,26,29.999999999999982,5,5,Nasty,50
1427,5,27,29.999999999999982,6,5,Nasty,44
1428,5,28,29.999999999999982,6,6,Nasty,43
1429,5,29,29.999999999999982,7,6,Nasty,37
1430,5,30,29.999999999999982,8,7,Nasty,31
1431,5,31,29.999999999999982,8,7,Nasty,31
1432,5,32,29.999999999999982,8,7,Nasty,31
1433,5,33,29.999999999999982,8,7,Nasty,31
1434,5,34,29.999999999999982,8,7,Nasty,31
1435,5,35,29.999999999999982,8,7,Nasty,31
1436,5,36,29.999999999999982,8,7,Nasty,31
1437,5,37,29.999999999999982,9,8,Nasty,24
1438,5,38,29.999999999999982,9,8,Nasty,24
1439,5,39,29.999999999999982,10,8,Nasty,17
1440,6,0,25.0,0,0,Nasty,78
1441,6,1,27.53364907863714,0,0,Nasty,78
1442,6,2,29.578529645079747,0,0,Nasty,78
1443,6,3,29.927975675100427,0,0,Nasty,78
1444,6,4,29.98769189026777,1,0,Nasty,73
1445,6,5,29.997896688856272,2,0,Nasty,68
1446,6,6,29.999640568871776,2,0,Nasty,68
1447,6,7,29.999938577449026,2,0,Nasty,68
1448,6,8,29.9999895036087,3,0,Nasty,64
1449,6,9,29.99999820629022,4,1,Nasty,59
1450,6,10,29.999999693476106,4,1,Nasty,59
1451,6,11,29.99999994761867,4,2,Nasty,58
1452,6,12,29.999999991048647,4,2,Nasty,58
1453,6,13,29.99999999847032,4,2,Nasty,58
1454,6,14,29.99999999973859,5,2,Nasty,52
1455,6,15,29.99999999995533,6,2,Nasty,47
1456,6,16,29.999999999992365,6,2,Nasty,47
1457,6,17,29.999999999998696,6,2,Nasty,47
1458,6,18,29.99999999999978,6,2,Nasty,47
1459,6,19,29.99999999999996,6,2,Nasty,47
1460,6,20,29.999999999999982,6,2,Nasty,47
1461,6,21,29.999999999999982,6,2,Nasty,47
1462,6,22,29.999999999999982,7,2,Nasty,40
1463,6,23,29.999999999999982,7,2,Nasty,40
1464,6,24,29.999999999999982,7,2,Nasty,40
1465,6,25,29.999999999999982,7,2,Nasty,40
1466,6,26,29.999999999999982,7,2,Nasty,40
1467,6,27,29.999999999999982,7,2,Nasty,40
1468,6,28,29.999999999999982,7,2,Nasty,40
1469,6,29,29.999999999999982,7,3,Nasty,39
1470,6,30,29.999999999999982,8,4,Nasty,32
1471,6,31,29.999999999999982,8,4,Nasty,32
1472,6,32,29.999999999999982,8,4,Nasty,32
1473,6,33,29.999999999999982,9,5,Nasty,25
1474,6,34,29.999999999999982,9,5,Nasty,25
1475,6,35,29.999999999999982,10,5,Nasty,18
1476,6,36,29.999999999999982,10,5,Nasty,18
1477,6,37,29.999999999999982,10,5,Nasty,18
1478,6,38,29.999999999999982,10,5,Nasty,18
1479,6,39,29.999999999999982,11,6,Nasty,12
1480,7,0,25.0,0,1,Nasty,77
1481,7,1,29.1455588268693,0,1,Nasty,77
1482,7,2,29.85398605633181,0,2,Nasty,76
1483,7,3,29.975047934935745,1,2,Nasty,71
1484,7,4,29.99573598565089,2,2,Nasty,66
1485,7,5,29.99927133011546,2,2,Nasty,66
1486,7,6,29.9998754788898,2,2,Nasty,66
1487,7,7,29.999978720807302,2,2,Nasty,66
1488,7,8,29.999996363636328,3,2,Nasty,62
1489,7,9,29.99999937858823,4,2,Nasty,58
1490,7,10,29.99999989380804,4,2,Nasty,58
1491,7,11,29.99999998185304,5,2,Nasty,52
1492,7,12,29.9999999968989,6,2,Nasty,47
1493,7,13,29.99999999947006,7,2,Nasty,40
1494,7,14,29.99999999990944,7,2,Nasty,40
1495,7,15,29.999999999984524,7,2,Nasty,40
1496,7,16,29.99999999999736,7,2,Nasty,40
1497,7,17,29.99999999999955,8,2,Nasty,34
1498,7,18,29.99999999999992,9,2,Nasty,28
1499,7,19,29.999999999999982,10,2,Nasty,21
1500,7,20,29.999999999999982,10,3,Nasty,20
1501,7,21,29.999999999999982,10,3,Nasty,20
1502,7,22,29.999999999999982,11,3,Nasty,14
1503,7,23,29.999999999999982,11,4,Nasty,13
1504,7,24,29.999999999999982,11,4,Nasty,13
1505,7,25,29.999999999999982,11,4,Nasty,13
1506,7,26,29.999999999999982,11,4,Nasty,13
1507,7,27,29.999999999999982,11,4,Nasty,13
1508,7,28,29.999999999999982,12,5,Nasty,8
1509,7,29,29.999999999999982,13,5,Nasty,6
1510,7,30,29.999999999999982,13,5,Nasty,6
1511,7,31,29.999999999999982,13,5,Nasty,6
1512,7,32,29.999999999999982,14,5,Nasty,5
1513,7,33,29.999999999999982,15,5,Nasty,4
1514,7,34,29.999999999999982,16,5,Nasty,3
1515,7,35,29.999999999999982,16,5,Nasty,3
1516,7,36,29.999999999999982,16,5,Nasty,3
1517,7,37,29.999999999999982,16,5,Nasty,3
1518,7,38,29.999999999999982,16,6,Nasty,2
1519,7,39,29.999999999999982,17,6,Nasty,1
1520,8,0,25.0,0,0,Nasty,78
1521,8,1,25.0,0,0,Nasty,78
1522,8,2,25.0,0,0,Nasty,78
1523,8,3,25.0,0,0,Nasty,78
1524,8,4,25.0,0,0,Nasty,78
1525,8,5,25.0,0,0,Nasty,78
1526,8,6,25.0,0,0,Nasty,78
1527,8,7,25.0,0,0,Nasty,78
1528,8,8,25.0,0,0,Nasty,78
1529,8,9,25.0,0,0,Nasty,78
1530,8,10,25.0,0,0,Nasty,78
1531,8,11,25.0,1,1,Nasty,72
1532,8,12,25.0,2,2,Nasty,66
1533,8,13,25.0,3,2,Nasty,62
1534,8,14,28.267802919426902,3,2,Nasty,62
1535,8,15,29.70398789887631,3,2,Nasty,62
1536,8,16,29.949415014611,3,2,Nasty,62
1537,8,17,29.991355621148287,3,2,Nasty,62
1538,8,18,29.998522777358588,3,2,Nasty,62
1539,8,19,29.999747560030656,4,3,Nasty,57
1540,8,20,29.99995686097929,4,3,Nasty,57
1541,8,21,29.999992628048908,4,3,Nasty,57
1542,8,22,29.99999874022029,5,3,Nasty,51
1543,8,23,29.99999978471847,5,3,Nasty,51
1544,8,24,29.99999996321092,5,3,Nasty,51
1545,8,25,29.999999993713185,5,3,Nasty,51
1546,8,26,29.99999999892566,6,3,Nasty,46
1547,8,27,29.999999999816406,6,3,Nasty,46
1548,8,28,29.99999999996863,7,3,Nasty,39
1549,8,29,29.99999999999464,7,3,Nasty,39
1550,8,30,29.999999999999083,7,3,Nasty,39
1551,8,31,29.999999999999844,7,3,Nasty,39
1552,8,32,29.99999999999997,7,3,Nasty,39
1553,8,33,29.999999999999982,8,3,Nasty,33
1554,8,34,29.999999999999982,9,3,Nasty,27
1555,8,35,29.999999999999982,10,3,Nasty,20
1556,8,36,29.999999999999982,10,3,Nasty,20
1557,8,37,29.999999999999982,10,3,Nasty,20
1558,8,38,29.999999999999982,10,3,Nasty,20
1559,8,39,29.999999999999982,11,3,Nasty,14
1560,9,0,25.0,0,0,Nasty,78
1561,9,1,29.1455588268693,0,0,Nasty,78
1562,9,2,29.85398605633181,0,0,Nasty,78
1563,9,3,29.975047934935745,1,1,Nasty,72
1564,9,4,29.99573598565089,1,1,Nasty,72
1565,9,5,29.99927133011546,1,1,Nasty,72
1566,9,6,29.9998754788898,1,1,Nasty,72
1567,9,7,29.999978720807302,2,1,Nasty,67
1568,9,8,29.999996363636328,2,1,Nasty,67
1569,9,9,29.99999937858823,2,1,Nasty,67
1570,9,10,29.99999989380804,2,1,Nasty,67
1571,9,11,29.99999998185304,2,1,Nasty,67
1572,9,12,29.9999999968989,2,1,Nasty,67
1573,9,13,29.99999999947006,2,1,Nasty,67
1574,9,14,29.99999999990944,2,1,Nasty,67
1575,9,15,29.999999999984524,3,1,Nasty,63
1576,9,16,29.99999999999736,4,2,Nasty,58
1577,9,17,29.99999999999955,5,2,Nasty,52
1578,9,18,29.99999999999992,6,2,Nasty,47
1579,9,19,29.999999999999982,6,2,Nasty,47
1580,9,20,29.999999999999982,6,3,Nasty,46
1581,9,21,29.999999999999982,6,3,Nasty,46
1582,9,22,29.999999999999982,6,3,Nasty,46
1583,9,23,29.999999999999982,6,3,Nasty,46
1584,9,24,29.999999999999982,6,4,Nasty,45
1585,9,25,29.999999999999982,7,4,Nasty,38
1586,9,26,29.999999999999982,8,4,Nasty,32
1587,9,27,29.999999999999982,9,4,Nasty,26
1588,9,28,29.999999999999982,9,4,Nasty,26
1589,9,29,29.999999999999982,9,4,Nasty,26
1590,9,30,29.999999999999982,9,4,Nasty,26
1591,9,31,29.999999999999982,9,4,Nasty,26
1592,9,32,29.999999999999982,9,4,Nasty,26
1593,9,33,29.999999999999982,10,5,Nasty,18
1594,9,34,29.999999999999982,11,6,Nasty,12
1595,9,35,29.999999999999982,12,6,Nasty,7
1596,9,36,29.999999999999982,12,6,Nasty,7
1597,9,37,29.999999999999982,12,6,Nasty,7
1598,9,38,29.999999999999982,12,6,Nasty,7
1599,9,39,29.999999999999982,12,6,Nasty,7
