traj,step,speed,num_collisions,num_offroad_visits,intention
0,0,25.0,0,0,Safe
0,1,25.0,0,0,Safe
0,2,25.0,0,0,Safe
0,3,25.0,0,0,Safe
0,4,25.0,0,0,Safe
0,5,27.53364907863714,0,0,Safe
0,6,29.578529645079747,0,0,Safe
0,7,29.927975675100427,0,0,Safe
0,8,29.98769189026777,0,0,Safe
0,9,29.997896688856272,0,0,Safe
0,10,29.999640568871776,0,0,Safe
0,11,29.999938577449026,0,0,Safe
0,12,29.9999895036087,0,0,Safe
0,13,29.99999820629022,0,0,Safe
0,14,29.999999693476106,0,0,Safe
0,15,29.99999994761867,0,0,Safe
0,16,29.999999991048647,0,0,Safe
0,17,29.99999999847032,0,0,Safe
0,18,29.99999999973859,0,0,Safe
0,19,29.99999999995533,0,0,Safe
0,20,29.999999999992365,0,0,Safe
0,21,29.999999999998696,0,0,Safe
0,22,29.99999999999978,0,0,Safe
0,23,29.99999999999996,0,0,Safe
0,24,29.999999999999982,0,0,Safe
0,25,29.999999999999982,0,0,Safe
0,26,29.999999999999982,0,0,Safe
0,27,29.999999999999982,0,0,Safe
0,28,29.999999999999982,0,0,Safe
0,29,29.999999999999982,0,0,Safe
0,30,29.999999999999982,0,0,Safe
0,31,29.999999999999982,0,0,Safe
0,32,29.999999999999982,0,0,Safe
0,33,29.999999999999982,0,0,Safe
0,34,29.999999999999982,0,0,Safe
0,35,29.999999999999982,0,0,Safe
0,36,29.999999999999982,0,0,Safe
0,37,29.999999999999982,0,0,Safe
0,38,29.999999999999982,0,0,Safe
0,39,29.999999999999982,0,0,Safe
1,0,25.0,0,0,Safe
1,1,25.0,0,0,Safe
1,2,25.0,0,0,Safe
1,3,25.0,0,0,Safe
1,4,25.0,0,0,Safe
1,5,25.0,0,0,Safe
1,6,25.0,0,0,Safe
1,7,25.0,0,0,Safe
1,8,28.918597890256457,0,0,Safe
1,9,29.815201102544943,0,0,Safe
1,10,29.96842004265305,0,0,Safe
1,11,29.994603356839413,0,0,Safe
1,12,29.999077777177376,0,0,Safe
1,13,29.999842402969907,0,0,Safe
1,14,29.999973068521747,0,0,Safe
1,15,29.999995397727226,0,0,Safe
1,16,29.99999921352573,0,0,Safe
1,17,29.9999998656008,0,0,Safe
1,18,29.999999977032758,0,0,Safe
1,19,29.99999999607517,0,0,Safe
1,20,29.99999999932929,0,0,Safe
1,21,29.999999999885382,0,0,Safe
1,22,29.99999999998041,0,0,Safe
1,23,29.999999999996653,0,0,Safe
1,24,29.999999999999428,0,0,Safe
1,25,29.9999999999999,0,0,Safe
1,26,29.999999999999982,0,0,Safe
1,27,29.999999999999982,0,0,Safe
1,28,29.999999999999982,0,0,Safe
1,29,29.999999999999982,0,0,Safe
1,30,29.999999999999982,0,0,Safe
1,31,29.999999999999982,0,0,Safe
1,32,29.999999999999982,0,0,Safe
1,33,29.999999999999982,0,0,Safe
1,34,29.999999999999982,0,0,Safe
1,35,29.999999999999982,0,0,Safe
1,36,29.999999999999982,0,0,Safe
1,37,29.999999999999982,0,0,Safe
1,38,29.999999999999982,0,0,Safe
1,39,29.999999999999982,0,0,Safe
2,0,25.0,0,0,Safe
2,1,29.1455588268693,0,0,Safe
2,2,29.85398605633181,0,0,Safe
2,3,29.975047934935745,0,0,Safe
2,4,29.99573598565089,0,0,Safe
2,5,29.99927133011546,0,0,Safe
2,6,29.9998754788898,0,0,Safe
2,7,29.999978720807302,0,0,Safe
2,8,29.999996363636328,0,0,Safe
2,9,29.99999937858823,0,0,Safe
2,10,29.99999989380804,0,0,Safe
2,11,29.99999998185304,0,0,Safe
2,12,29.9999999968989,0,0,Safe
2,13,29.99999999947006,0,0,Safe
2,14,29.99999999990944,0,0,Safe
2,15,29.999999999984524,0,0,Safe
2,16,29.99999999999736,0,0,Safe
2,17,29.99999999999955,0,0,Safe
2,18,29.99999999999992,0,0,Safe
2,19,29.999999999999982,0,0,Safe
2,20,29.999999999999982,0,0,Safe
2,21,29.999999999999982,0,0,Safe
2,22,29.999999999999982,0,0,Safe
2,23,29.999999999999982,0,0,Safe
2,24,29.999999999999982,0,0,Safe
2,25,29.999999999999982,0,0,Safe
2,26,29.999999999999982,0,0,Safe
2,27,29.999999999999982,0,0,Safe
2,28,29.999999999999982,0,0,Safe
2,29,29.999999999999982,0,0,Safe
2,30,29.999999999999982,0,0,Safe
2,31,29.999999999999982,0,0,Safe
2,32,29.999999999999982,0,0,Safe
2,33,29.999999999999982,0,0,Safe
2,34,29.999999999999982,0,0,Safe
2,35,29.999999999999982,0,0,Safe
2,36,29.999999999999982,0,0,Safe
2,37,29.999999999999982,0,0,Safe
2,38,29.999999999999982,0,0,Safe
2,39,29.999999999999982,0,0,Safe
3,0,25.0,0,0,Safe
3,1,29.1455588268693,0,0,Safe
3,2,29.85398605633181,0,0,Safe
3,3,29.975047934935745,0,0,Safe
3,4,29.99573598565089,0,0,Safe
3,5,29.99927133011546,0,0,Safe
3,6,29.9998754788898,0,0,Safe
3,7,29.999978720807302,0,0,Safe
3,8,29.999996363636328,0,0,Safe
3,9,29.99999937858823,0,0,Safe
3,10,29.99999989380804,0,0,Safe
3,11,29.99999998185304,0,0,Safe
3,12,29.9999999968989,0,0,Safe
3,13,29.99999999947006,0,0,Safe
3,14,29.99999999990944,0,0,Safe
3,15,29.999999999984524,0,0,Safe
3,16,29.99999999999736,0,0,Safe
3,17,26.216577373461035,0,0,Safe
3,18,25.207898759636866,0,0,Safe
3,19,20.996773771787343,0,0,Safe
3,20,20.17033691018238,0,0,Safe
3,21,21.07849128992212,0,0,Safe
3,22,24.32986029946376,0,0,Safe
3,23,21.254130554766643,0,0,Safe
3,24,20.21431615649477,0,0,Safe
3,25,20.03662410963525,0,0,Safe
3,26,20.00625862944032,0,0,Safe
3,27,24.0398232063642,0,0,Safe
3,28,28.75451497306305,1,0,Safe
3,29,29.78716126249345,1,1,Safe
3,30,29.96362836388745,1,2,Safe
3,31,29.99378451531426,1,2,Safe
3,32,29.99893784679471,1,2,Safe
3,33,29.99981849051385,1,2,Safe
3,34,29.999968982164344,1,2,Safe
3,35,29.999994699416824,1,2,Safe
3,36,29.99999909419269,2,2,Safe
3,37,29.99999984520819,2,2,Safe
3,38,29.9999999735479,2,2,Safe
3,39,29.999999995479648,2,2,Safe
4,0,25.0,0,0,Safe
4,1,29.1455588268693,0,0,Safe
4,2,29.85398605633181,0,0,Safe
4,3,29.975047934935745,0,0,Safe
4,4,29.99573598565089,0,0,Safe
4,5,29.99927133011546,0,0,Safe
4,6,29.9998754788898,0,0,Safe
4,7,29.999978720807302,0,0,Safe
4,8,29.999996363636328,0,0,Safe
4,9,29.99999937858823,0,0,Safe
4,10,29.99999989380804,0,0,Safe
4,11,29.99999998185304,0,0,Safe
4,12,29.9999999968989,0,0,Safe
4,13,29.99999999947006,0,0,Safe
4,14,29.99999999990944,0,0,Safe
4,15,29.999999999984524,0,0,Safe
4,16,29.99999999999736,0,0,Safe
4,17,29.99999999999955,0,0,Safe
4,18,29.99999999999992,0,0,Safe
4,19,29.999999999999982,0,0,Safe
4,20,29.999999999999982,0,0,Safe
4,21,29.999999999999982,0,0,Safe
4,22,29.999999999999982,0,0,Safe
4,23,29.999999999999982,0,0,Safe
4,24,29.999999999999982,0,0,Safe
4,25,29.999999999999982,0,0,Safe
4,26,29.999999999999982,0,0,Safe
4,27,29.999999999999982,0,0,Safe
4,28,29.999999999999982,0,0,Safe
4,29,29.999999999999982,0,0,Safe
4,30,29.999999999999982,0,0,Safe
4,31,29.999999999999982,0,0,Safe
4,32,29.999999999999982,0,0,Safe
4,33,29.999999999999982,0,0,Safe
4,34,29.999999999999982,0,0,Safe
4,35,29.999999999999982,0,0,Safe
4,36,29.999999999999982,0,0,Safe
4,37,29.999999999999982,0,0,Safe
4,38,29.999999999999982,0,0,Safe
4,39,29.999999999999982,0,0,Safe
5,0,25.0,0,1,Safe
5,1,29.1455588268693,0,1,Safe
5,2,29.85398605633181,0,1,Safe
5,3,29.975047934935745,0,1,Safe
5,4,29.99573598565089,0,1,Safe
5,5,29.99927133011546,0,1,Safe
5,6,29.9998754788898,0,1,Safe
5,7,29.999978720807302,0,1,Safe
5,8,29.999996363636328,0,1,Safe
5,9,29.99999937858823,0,1,Safe
5,10,29.99999989380804,0,1,Safe
5,11,29.99999998185304,0,1,Safe
5,12,29.9999999968989,0,1,Safe
5,13,29.99999999947006,0,1,Safe
5,14,29.99999999990944,0,1,Safe
5,15,29.999999999984524,0,1,Safe
5,16,29.99999999999736,0,1,Safe
5,17,29.99999999999955,0,1,Safe
5,18,29.99999999999992,0,1,Safe
5,19,29.999999999999982,0,1,Safe
5,20,29.999999999999982,0,1,Safe
5,21,29.999999999999982,0,1,Safe
5,22,29.999999999999982,0,1,Safe
5,23,29.999999999999982,0,1,Safe
5,24,29.999999999999982,0,1,Safe
5,25,29.999999999999982,0,1,Safe
5,26,29.999999999999982,0,1,Safe
5,27,29.999999999999982,0,1,Safe
5,28,29.999999999999982,0,1,Safe
5,29,29.999999999999982,0,1,Safe
5,30,29.999999999999982,0,1,Safe
5,31,29.999999999999982,0,1,Safe
5,32,29.999999999999982,0,1,Safe
5,33,29.999999999999982,0,1,Safe
5,34,29.999999999999982,0,1,Safe
5,35,29.999999999999982,0,1,Safe
5,36,29.999999999999982,0,1,Safe
5,37,29.999999999999982,0,1,Safe
5,38,29.999999999999982,0,1,Safe
5,39,29.999999999999982,0,1,Safe
6,0,25.0,0,0,Safe
6,1,29.1455588268693,0,0,Safe
6,2,29.85398605633181,0,0,Safe
6,3,29.975047934935745,0,0,Safe
6,4,29.99573598565089,0,0,Safe
6,5,29.99927133011546,0,0,Safe
6,6,29.9998754788898,0,0,Safe
6,7,29.999978720807302,0,0,Safe
6,8,29.999996363636328,0,0,Safe
6,9,29.99999937858823,0,0,Safe
6,10,29.99999989380804,0,0,Safe
6,11,29.99999998185304,0,0,Safe
6,12,29.9999999968989,0,0,Safe
6,13,29.99999999947006,0,0,Safe
6,14,29.99999999990944,0,0,Safe
6,15,29.999999999984524,0,0,Safe
6,16,29.99999999999736,0,0,Safe
6,17,29.99999999999955,0,0,Safe
6,18,29.99999999999992,0,0,Safe
6,19,29.999999999999982,0,0,Safe
6,20,29.999999999999982,0,0,Safe
6,21,29.999999999999982,0,0,Safe
6,22,29.999999999999982,0,0,Safe
6,23,29.999999999999982,0,0,Safe
6,24,29.999999999999982,0,0,Safe
6,25,29.999999999999982,0,0,Safe
6,26,29.999999999999982,0,0,Safe
6,27,29.999999999999982,0,0,Safe
6,28,29.999999999999982,0,0,Safe
6,29,29.999999999999982,0,0,Safe
6,30,29.999999999999982,0,0,Safe
6,31,29.999999999999982,0,0,Safe
6,32,29.999999999999982,0,0,Safe
6,33,27.77464478653321,0,0,Safe
6,34,25.47415414928528,0,0,Safe
6,35,25.081027365512018,0,0,Safe
6,36,25.01384662344876,0,0,Safe
6,37,25.00236622503669,0,0,Safe
6,38,25.555959915574807,1,0,Safe
6,39,29.240565835364777,1,0,Safe
7,0,25.0,0,0,Safe
7,1,29.1455588268693,0,0,Safe
7,2,29.85398605633181,0,0,Safe
7,3,29.975047934935745,0,0,Safe
7,4,29.99573598565089,0,0,Safe
7,5,29.99927133011546,0,0,Safe
7,6,29.9998754788898,0,0,Safe
7,7,29.999978720807302,0,0,Safe
7,8,29.999996363636328,0,0,Safe
7,9,29.99999937858823,0,0,Safe
7,10,29.99999989380804,0,0,Safe
7,11,29.99999998185304,0,0,Safe
7,12,29.9999999968989,0,0,Safe
7,13,29.99999999947006,0,0,Safe
7,14,29.99999999990944,0,0,Safe
7,15,29.999999999984524,0,0,Safe
7,16,23.04675310322838,0,0,Safe
7,17,20.52065425915241,0,0,Safe
7,18,20.08897368719714,0,0,Safe
7,19,20.01520455633329,0,0,Safe
7,20,23.786020906328584,0,0,Safe
7,21,24.79254525580945,0,0,Safe
7,22,24.96454842500046,0,0,Safe
7,23,20.95518806270565,0,0,Safe
7,24,20.16323040177173,0,0,Safe
7,25,23.488163416908893,0,0,Safe
7,26,24.741644915272342,0,0,Safe
7,27,24.955850155664205,0,0,Safe
7,28,24.992455311042438,0,0,Safe
7,29,24.99871070142324,0,0,Safe
7,30,24.999779674042312,0,0,Safe
7,31,24.99996234888605,0,0,Safe
7,32,24.999993565867605,0,0,Safe
7,33,24.99999890048247,0,0,Safe
7,34,24.99999981210539,0,0,Safe
7,35,26.878524583041152,0,0,Safe
7,36,29.46657657656701,0,0,Safe
7,37,29.908844212861304,0,0,Safe
7,38,29.98442254845991,0,0,Safe
7,39,29.997337996806337,0,0,Safe
8,0,25.0,0,0,Safe
8,1,25.0,0,0,Safe
8,2,25.0,0,0,Safe
8,3,25.0,0,0,Safe
8,4,25.0,0,0,Safe
8,5,25.0,0,0,Safe
8,6,25.0,0,0,Safe
8,7,25.0,0,0,Safe
8,8,25.0,0,0,Safe
8,9,25.0,0,0,Safe
8,10,25.0,0,0,Safe
8,11,25.0,0,0,Safe
8,12,25.0,0,0,Safe
8,13,25.0,0,0,Safe
8,14,25.0,0,0,Safe
8,15,25.0,0,0,Safe
8,16,25.0,0,0,Safe
8,17,25.0,0,0,Safe
8,18,25.0,0,0,Safe
8,19,25.0,0,0,Safe
8,20,25.0,0,0,Safe
8,21,25.0,0,0,Safe
8,22,25.0,0,0,Safe
8,23,25.0,0,0,Safe
8,24,25.0,0,0,Safe
8,25,25.0,0,0,Safe
8,26,25.0,0,0,Safe
8,27,25.0,0,0,Safe
8,28,25.0,0,0,Safe
8,29,25.0,0,0,Safe
8,30,25.0,0,0,Safe
8,31,25.0,0,0,Safe
8,32,27.53364907863714,0,0,Safe
8,33,29.578529645079747,0,0,Safe
8,34,29.927975675100427,0,0,Safe
8,35,29.98769189026777,0,0,Safe
8,36,29.997896688856272,0,0,Safe
8,37,29.999640568871776,0,0,Safe
8,38,29.999938577449026,0,0,Safe
8,39,29.9999895036087,0,0,Safe
9,0,25.0,0,1,Safe
9,1,25.0,0,1,Safe
9,2,25.0,0,1,Safe
9,3,25.0,0,1,Safe
9,4,25.0,0,1,Safe
9,5,25.0,0,1,Safe
9,6,25.0,0,1,Safe
9,7,25.0,0,1,Safe
9,8,25.0,0,1,Safe
9,9,25.0,0,1,Safe
9,10,25.0,0,1,Safe
9,11,25.0,0,1,Safe
9,12,25.0,0,1,Safe
9,13,25.0,0,1,Safe
9,14,25.0,0,1,Safe
9,15,25.0,0,1,Safe
9,16,25.0,0,1,Safe
9,17,25.0,0,1,Safe
9,18,25.0,0,1,Safe
9,19,25.0,0,1,Safe
9,20,25.0,0,1,Safe
9,21,25.0,0,1,Safe
9,22,25.0,0,1,Safe
9,23,25.0,0,1,Safe
9,24,25.0,0,1,Safe
9,25,25.0,0,1,Safe
9,26,25.0,0,1,Safe
9,27,25.0,0,1,Safe
9,28,25.0,0,1,Safe
9,29,25.0,0,1,Safe
9,30,25.0,0,1,Safe
9,31,25.0,0,1,Safe
9,32,25.0,0,1,Safe
9,33,25.0,0,1,Safe
9,34,25.0,0,1,Safe
9,35,25.0,0,1,Safe
9,36,25.0,0,1,Safe
9,37,25.0,0,1,Safe
9,38,25.0,0,1,Safe
9,39,25.0,0,1,Safe
10,0,25.0,0,0,Student
11,1,25.0,0,0,Student
12,2,25.0,0,1,Student
13,3,25.0,0,1,Student
14,4,25.0,0,2,Student
15,5,25.0,0,2,Student
16,6,25.0,0,2,Student
17,7,25.0,0,2,Student
18,8,25.0,0,2,Student
19,9,25.0,0,2,Student
20,10,25.0,0,2,Student
21,11,28.05127828435527,0,2,Student
22,12,29.66698638623585,0,2,Student
23,13,29.943091891437373,0,2,Student
24,14,29.99027507379182,0,2,Student
25,15,29.998338124528413,0,2,Student
26,16,29.99971600503449,0,2,Student
27,17,29.9999514686017,0,2,Student
28,18,29.999991706555026,0,2,Student
29,19,29.99999858274783,0,2,Student
30,20,29.99999975780828,0,2,Student
31,21,29.99999995861228,0,2,Student
32,22,29.99999999292733,0,2,Student
33,23,29.999999998791367,0,2,Student
34,24,29.999999999793456,0,2,Student
35,25,29.999999999964707,0,2,Student
36,26,29.999999999993967,0,2,Student
37,27,29.99999999999897,0,2,Student
38,28,29.999999999999822,0,2,Student
39,29,29.999999999999968,0,2,Student
40,30,29.999999999999982,0,2,Student
41,31,29.999999999999982,0,2,Student
42,32,29.999999999999982,0,2,Student
43,33,29.999999999999982,0,2,Student
44,34,29.999999999999982,0,2,Student
45,35,29.999999999999982,0,2,Student
46,36,29.999999999999982,0,2,Student
47,37,29.999999999999982,0,2,Student
48,38,29.999999999999982,0,2,Student
49,39,29.999999999999982,0,2,Student
50,0,25.0,0,0,Student
51,1,25.0,0,0,Student
52,2,25.0,0,0,Student
53,3,25.0,0,0,Student
54,4,28.783422626538517,0,0,Student
55,5,29.79210124036306,0,0,Student
56,6,29.96447254798468,0,0,Student
57,7,29.99392877644434,0,1,Student
58,8,29.99896249932455,0,1,Student
59,9,29.999822703341145,0,2,Student
60,10,29.999969702086965,0,2,Student
61,11,29.999994822443128,0,2,Student
62,12,29.999999115216447,0,2,Student
63,13,29.999999848800897,0,2,Student
64,14,29.99999997416185,0,2,Student
65,15,29.999999995584567,0,2,Student
66,16,29.999999999245457,0,2,Student
67,17,29.999999999871054,0,2,Student
68,18,29.99999999997797,0,2,Student
69,19,29.999999999996238,0,2,Student
70,20,29.99999999999936,0,2,Student
71,21,29.99999999999989,0,2,Student
72,22,29.999999999999982,0,2,Student
73,23,29.999999999999982,0,2,Student
74,24,29.999999999999982,0,2,Student
75,25,29.999999999999982,0,2,Student
76,26,29.999999999999982,0,2,Student
77,27,29.999999999999982,0,2,Student
78,28,29.999999999999982,0,2,Student
79,29,29.999999999999982,0,2,Student
80,30,29.999999999999982,0,2,Student
81,31,29.999999999999982,0,2,Student
82,32,29.999999999999982,0,2,Student
83,33,29.999999999999982,0,2,Student
84,34,29.999999999999982,0,2,Student
85,35,29.999999999999982,0,2,Student
86,36,29.999999999999982,0,2,Student
87,37,29.999999999999982,0,2,Student
88,38,29.999999999999982,0,2,Student
89,39,29.999999999999982,0,2,Student
90,0,25.0,0,1,Student
91,1,25.0,0,1,Student
92,2,25.0,0,1,Student
93,3,25.0,0,1,Student
94,4,25.0,0,2,Student
95,5,25.0,0,2,Student
96,6,25.0,0,3,Student
97,7,28.918597890256457,0,3,Student
98,8,29.815201102544943,0,3,Student
99,9,29.96842004265305,0,3,Student
100,10,29.994603356839413,0,4,Student
101,11,29.999077777177376,0,4,Student
102,12,29.999842402969907,0,4,Student
103,13,29.999973068521747,0,4,Student
104,14,29.999995397727226,0,4,Student
105,15,29.99999921352573,0,4,Student
106,16,29.9999998656008,0,4,Student
107,17,29.999999977032758,0,4,Student
108,18,29.99999999607517,0,4,Student
109,19,29.99999999932929,0,4,Student
110,20,29.999999999885382,0,4,Student
111,21,29.99999999998041,0,4,Student
112,22,29.999999999996653,1,5,Student
113,23,29.999999999999428,1,5,Student
114,24,29.9999999999999,1,5,Student
115,25,29.999999999999982,1,6,Student
116,26,29.999999999999982,1,6,Student
117,27,29.999999999999982,1,6,Student
118,28,29.999999999999982,1,6,Student
119,29,29.999999999999982,1,6,Student
120,30,29.999999999999982,1,6,Student
121,31,29.999999999999982,1,6,Student
122,32,29.999999999999982,1,6,Student
123,33,29.999999999999982,1,6,Student
124,34,29.999999999999982,1,6,Student
125,35,29.999999999999982,1,6,Student
126,36,29.999999999999982,1,6,Student
127,37,29.999999999999982,1,6,Student
128,38,29.999999999999982,1,6,Student
129,39,29.999999999999982,1,6,Student
130,0,25.0,0,0,Student
131,1,29.1455588268693,0,0,Student
132,2,29.85398605633181,0,0,Student
133,3,29.975047934935745,0,0,Student
134,4,29.99573598565089,0,0,Student
135,5,29.99927133011546,0,0,Student
136,6,29.9998754788898,0,0,Student
137,7,29.999978720807302,0,0,Student
138,8,29.999996363636328,0,0,Student
139,9,29.99999937858823,0,0,Student
140,10,29.99999989380804,0,0,Student
141,11,29.99999998185304,0,0,Student
142,12,29.9999999968989,0,0,Student
143,13,29.99999999947006,0,0,Student
144,14,29.99999999990944,0,0,Student
145,15,29.999999999984524,0,0,Student
146,16,29.99999999999736,0,0,Student
147,17,29.99999999999955,0,0,Student
148,18,29.99999999999992,0,0,Student
149,19,29.999999999999982,0,0,Student
150,20,29.999999999999982,0,0,Student
151,21,29.999999999999982,0,0,Student
152,22,29.999999999999982,0,0,Student
153,23,29.999999999999982,0,0,Student
154,24,29.999999999999982,0,0,Student
155,25,29.999999999999982,0,0,Student
156,26,29.999999999999982,0,0,Student
157,27,29.999999999999982,0,0,Student
158,28,29.999999999999982,0,0,Student
159,29,29.999999999999982,0,0,Student
160,30,29.999999999999982,0,0,Student
161,31,29.999999999999982,0,1,Student
162,32,29.999999999999982,0,1,Student
163,33,29.999999999999982,0,2,Student
164,34,29.999999999999982,0,2,Student
165,35,29.999999999999982,0,2,Student
166,36,29.999999999999982,0,2,Student
167,37,29.999999999999982,0,2,Student
168,38,29.999999999999982,0,2,Student
169,39,29.999999999999982,0,3,Student
170,0,25.0,0,0,Student
171,1,25.0,0,0,Student
172,2,25.0,0,0,Student
173,3,25.0,0,0,Student
174,4,29.038753680227963,0,0,Student
175,5,29.835734313373283,0,0,Student
176,6,29.97192892680271,0,0,Student
177,7,29.99520298385725,0,0,Student
178,8,29.99918024637989,0,0,Student
179,9,29.999859913751028,0,0,Student
180,10,29.99997606090822,0,0,Student
181,11,29.999995909090867,0,0,Student
182,12,29.99999930091176,0,0,Student
183,13,29.999999880534045,0,0,Student
184,14,29.999999979584672,0,0,Student
185,15,29.999999996511264,0,0,Student
186,16,29.999999999403816,0,0,Student
187,17,29.99999999989812,0,0,Student
188,18,29.99999999998259,0,1,Student
189,19,29.999999999997023,0,1,Student
190,20,29.99999999999949,0,1,Student
191,21,29.99999999999991,0,1,Student
192,22,29.999999999999982,0,1,Student
193,23,29.999999999999982,0,1,Student
194,24,29.999999999999982,0,1,Student
195,25,29.999999999999982,0,1,Student
196,26,29.999999999999982,0,1,Student
197,27,29.999999999999982,0,1,Student
198,28,29.999999999999982,0,1,Student
199,29,29.999999999999982,0,1,Student
200,30,29.999999999999982,0,1,Student
201,31,29.999999999999982,0,1,Student
202,32,29.999999999999982,0,1,Student
203,33,29.999999999999982,0,1,Student
204,34,29.999999999999982,0,1,Student
205,35,29.999999999999982,0,1,Student
206,36,29.999999999999982,0,1,Student
207,37,29.999999999999982,0,1,Student
208,38,29.999999999999982,0,1,Student
209,39,29.999999999999982,0,1,Student
210,0,25.0,0,0,Student
211,1,25.0,0,0,Student
212,2,25.0,0,0,Student
213,3,25.0,0,0,Student
214,4,25.0,0,0,Student
215,5,25.0,0,1,Student
216,6,28.267802919426902,0,1,Student
217,7,29.70398789887631,0,1,Student
218,8,29.949415014611,0,1,Student
219,9,29.991355621148287,0,1,Student
220,10,29.998522777358588,0,1,Student
221,11,29.999747560030656,0,1,Student
222,12,29.99995686097929,0,1,Student
223,13,29.999992628048908,0,1,Student
224,14,29.99999874022029,0,1,Student
225,15,29.99999978471847,0,1,Student
226,16,29.99999996321092,0,1,Student
227,17,29.999999993713185,0,2,Student
228,18,29.99999999892566,0,2,Student
229,19,29.999999999816406,0,2,Student
230,20,29.99999999996863,0,2,Student
231,21,29.99999999999464,0,3,Student
232,22,29.999999999999083,0,3,Student
233,23,29.999999999999844,0,3,Student
234,24,29.99999999999997,0,3,Student
235,25,29.999999999999982,0,3,Student
236,26,29.999999999999982,0,3,Student
237,27,29.999999999999982,0,3,Student
238,28,29.999999999999982,0,3,Student
239,29,29.999999999999982,0,3,Student
240,30,29.999999999999982,0,3,Student
241,31,29.999999999999982,0,3,Student
242,32,29.999999999999982,0,3,Student
243,33,29.999999999999982,0,3,Student
244,34,29.999999999999982,0,3,Student
245,35,29.999999999999982,0,3,Student
246,36,29.999999999999982,0,3,Student
247,37,29.999999999999982,0,3,Student
248,38,29.999999999999982,0,3,Student
249,39,29.999999999999982,0,3,Student
250,0,25.0,0,0,Student
251,1,25.0,0,0,Student
252,2,25.0,0,0,Student
253,3,25.0,0,0,Student
254,4,25.0,0,0,Student
255,5,25.0,0,0,Student
256,6,25.0,0,0,Student
257,7,29.1455588268693,0,0,Student
258,8,29.85398605633181,0,0,Student
259,9,29.975047934935745,0,0,Student
260,10,29.99573598565089,0,0,Student
261,11,29.99927133011546,0,0,Student
262,12,29.9998754788898,0,0,Student
263,13,29.999978720807302,0,1,Student
264,14,29.999996363636328,0,1,Student
265,15,29.99999937858823,0,1,Student
266,16,29.99999989380804,0,1,Student
267,17,29.99999998185304,0,1,Student
268,18,29.9999999968989,0,1,Student
269,19,29.99999999947006,0,1,Student
270,20,29.99999999990944,0,1,Student
271,21,29.999999999984524,0,2,Student
272,22,29.99999999999736,0,2,Student
273,23,29.99999999999955,0,2,Student
274,24,29.99999999999992,0,2,Student
275,25,29.999999999999982,0,3,Student
276,26,29.999999999999982,0,3,Student
277,27,29.999999999999982,0,3,Student
278,28,29.999999999999982,0,3,Student
279,29,29.999999999999982,0,3,Student
280,30,29.999999999999982,0,3,Student
281,31,29.999999999999982,0,3,Student
282,32,29.999999999999982,0,3,Student
283,33,29.999999999999982,0,3,Student
284,34,29.999999999999982,0,3,Student
285,35,29.999999999999982,0,3,Student
286,36,29.999999999999982,0,3,Student
287,37,29.999999999999982,0,3,Student
288,38,29.999999999999982,0,3,Student
289,39,29.999999999999982,0,3,Student
290,0,25.0,0,0,Student
291,1,29.1455588268693,0,0,Student
292,2,29.85398605633181,0,0,Student
293,3,29.975047934935745,0,0,Student
294,4,29.99573598565089,0,0,Student
295,5,29.99927133011546,0,0,Student
296,6,29.9998754788898,0,0,Student
297,7,29.999978720807302,0,0,Student
298,8,29.999996363636328,0,1,Student
299,9,29.99999937858823,0,1,Student
300,10,29.99999989380804,0,1,Student
301,11,29.99999998185304,0,1,Student
302,12,29.9999999968989,0,1,Student
303,13,29.99999999947006,0,1,Student
304,14,29.99999999990944,0,1,Student
305,15,29.999999999984524,0,1,Student
306,16,29.99999999999736,0,1,Student
307,17,29.99999999999955,0,1,Student
308,18,29.99999999999992,0,1,Student
309,19,29.999999999999982,0,1,Student
310,20,29.999999999999982,1,1,Student
311,21,29.999999999999982,1,1,Student
312,22,29.999999999999982,1,1,Student
313,23,29.999999999999982,1,1,Student
314,24,29.999999999999982,1,1,Student
315,25,29.999999999999982,1,1,Student
316,26,29.999999999999982,1,1,Student
317,27,29.999999999999982,1,1,Student
318,28,29.999999999999982,1,1,Student
319,29,29.999999999999982,1,1,Student
320,30,29.999999999999982,1,1,Student
321,31,29.999999999999982,1,1,Student
322,32,29.999999999999982,1,1,Student
323,33,29.999999999999982,1,1,Student
324,34,29.999999999999982,1,2,Student
325,35,29.999999999999982,1,2,Student
326,36,29.999999999999982,1,2,Student
327,37,29.999999999999982,1,2,Student
328,38,29.999999999999982,1,2,Student
329,39,29.999999999999982,1,2,Student
330,0,25.0,0,0,Student
331,1,25.0,0,0,Student
332,2,25.0,0,0,Student
333,3,25.0,0,0,Student
334,4,25.0,0,0,Student
335,5,25.0,0,0,Student
336,6,25.0,0,0,Student
337,7,25.0,0,0,Student
338,8,25.0,0,0,Student
339,9,25.0,0,0,Student
340,10,25.0,0,0,Student
341,11,25.0,0,0,Student
342,12,25.0,0,0,Student
343,13,25.0,0,0,Student
344,14,25.0,0,0,Student
345,15,26.488340192043896,0,0,Student
346,16,29.39989865481081,0,0,Student
347,17,29.897449740523847,0,0,Student
348,18,29.98247536719767,0,0,Student
349,19,29.997005246437936,0,0,Student
350,20,29.999488231850638,0,0,Student
351,21,29.999912544844413,0,0,Student
352,22,29.99998505494285,0,0,Student
353,23,29.999997446065567,0,1,Student
354,24,29.999999563562653,0,1,Student
355,25,29.99999992541799,0,1,Student
356,26,29.99999998725481,0,1,Student
357,27,29.999999997822,0,1,Student
358,28,29.999999999627804,0,2,Student
359,29,29.9999999999364,0,2,Student
360,30,29.99999999998913,0,2,Student
361,31,29.999999999998145,0,2,Student
362,32,29.999999999999684,0,2,Student
363,33,29.999999999999943,0,2,Student
364,34,29.999999999999982,0,2,Student
365,35,29.999999999999982,0,2,Student
366,36,29.999999999999982,0,2,Student
367,37,29.999999999999982,0,2,Student
368,38,29.999999999999982,0,3,Student
369,39,29.999999999999982,0,3,Student
370,0,25.0,0,0,Student
371,1,25.0,0,0,Student
372,2,27.53364907863714,0,0,Student
373,3,29.578529645079747,0,0,Student
374,4,29.927975675100427,0,0,Student
375,5,29.98769189026777,0,0,Student
376,6,29.997896688856272,0,0,Student
377,7,29.999640568871776,0,0,Student
378,8,29.999938577449026,0,0,Student
379,9,29.9999895036087,0,0,Student
380,10,29.99999820629022,0,0,Student
381,11,29.999999693476106,0,0,Student
382,12,29.99999994761867,0,0,Student
383,13,29.999999991048647,0,1,Student
384,14,29.99999999847032,0,1,Student
385,15,29.99999999973859,0,1,Student
386,16,29.99999999995533,0,1,Student
387,17,29.999999999992365,0,1,Student
388,18,29.999999999998696,0,1,Student
389,19,29.99999999999978,0,1,Student
390,20,29.99999999999996,0,1,Student
391,21,29.999999999999982,0,1,Student
392,22,29.999999999999982,0,1,Student
393,23,29.999999999999982,0,1,Student
394,24,29.999999999999982,0,1,Student
395,25,29.999999999999982,0,1,Student
396,26,29.999999999999982,0,1,Student
397,27,29.999999999999982,0,1,Student
398,28,29.999999999999982,0,1,Student
399,29,29.999999999999982,0,1,Student
400,30,29.999999999999982,0,1,Student
401,31,29.999999999999982,0,1,Student
402,32,29.999999999999982,0,1,Student
403,33,29.999999999999982,0,1,Student
404,34,29.999999999999982,0,2,Student
405,35,29.999999999999982,0,2,Student
406,36,29.999999999999982,0,2,Student
407,37,29.999999999999982,0,2,Student
408,38,29.999999999999982,0,3,Student
409,39,29.999999999999982,0,3,Student
410,0,25.0,0,0,Demolition
411,1,25.0,0,0,Demolition
412,2,25.0,0,0,Demolition
413,3,25.0,1,0,Demolition
414,4,26.87852461515013,1,0,Demolition
415,5,29.466576582054056,1,0,Demolition
416,6,29.90884421379897,1,0,Demolition
417,7,29.98442254862015,2,0,Demolition
418,8,29.99733799683372,3,0,Demolition
419,9,29.99954509497834,3,0,Demolition
420,10,29.999922262083924,3,0,Demolition
421,11,29.99998671550476,3,0,Demolition
422,12,29.99999772983606,3,0,Demolition
423,13,29.99999961205569,3,0,Demolition
424,14,29.99999993370488,4,0,Demolition
425,15,29.999999988670943,4,0,Demolition
426,16,29.999999998064,4,0,Demolition
427,17,29.99999999966916,4,0,Demolition
428,18,29.999999999943466,4,0,Demolition
429,19,29.999999999990337,4,0,Demolition
430,20,29.999999999998348,4,0,Demolition
431,21,29.99999999999972,4,0,Demolition
432,22,29.99999999999995,4,0,Demolition
433,23,29.999999999999982,4,0,Demolition
434,24,29.999999999999982,5,0,Demolition
435,25,29.999999999999982,6,0,Demolition
436,26,29.999999999999982,6,0,Demolition
437,27,29.999999999999982,6,0,Demolition
438,28,29.999999999999982,6,0,Demolition
439,29,29.999999999999982,6,0,Demolition
440,30,29.999999999999982,6,0,Demolition
441,31,29.999999999999982,7,0,Demolition
442,32,29.999999999999982,7,0,Demolition
443,33,29.999999999999982,7,0,Demolition
444,34,29.999999999999982,7,0,Demolition
445,35,29.999999999999982,7,0,Demolition
446,36,29.999999999999982,7,0,Demolition
447,37,29.999999999999982,7,0,Demolition
448,38,29.999999999999982,7,0,Demolition
449,39,29.999999999999982,8,0,Demolition
450,0,25.0,0,0,Demolition
451,1,25.0,0,0,Demolition
452,2,25.0,0,0,Demolition
453,3,25.0,1,0,Demolition
454,4,25.0,1,0,Demolition
455,5,25.0,1,0,Demolition
456,6,25.0,1,0,Demolition
457,7,28.267802919426902,1,0,Demolition
458,8,29.70398789887631,1,0,Demolition
459,9,29.949415014611,1,0,Demolition
460,10,29.991355621148287,1,0,Demolition
461,11,29.998522777358588,2,0,Demolition
462,12,29.999747560030656,3,0,Demolition
463,13,29.99995686097929,3,0,Demolition
464,14,29.999992628048908,3,0,Demolition
465,15,29.99999874022029,3,0,Demolition
466,16,29.99999978471847,3,0,Demolition
467,17,29.99999996321092,3,0,Demolition
468,18,29.999999993713185,4,0,Demolition
469,19,29.99999999892566,4,0,Demolition
470,20,29.999999999816406,4,0,Demolition
471,21,29.99999999996863,5,0,Demolition
472,22,29.99999999999464,5,0,Demolition
473,23,29.999999999999083,5,0,Demolition
474,24,29.999999999999844,5,0,Demolition
475,25,29.99999999999997,5,0,Demolition
476,26,29.999999999999982,5,0,Demolition
477,27,29.999999999999982,6,0,Demolition
478,28,29.999999999999982,6,0,Demolition
479,29,29.999999999999982,6,0,Demolition
480,30,29.999999999999982,7,0,Demolition
481,31,29.999999999999982,7,0,Demolition
482,32,29.999999999999982,7,0,Demolition
483,33,29.999999999999982,7,0,Demolition
484,34,29.999999999999982,7,1,Demolition
485,35,29.999999999999982,7,1,Demolition
486,36,29.999999999999982,7,1,Demolition
487,37,29.999999999999982,7,1,Demolition
488,38,29.999999999999982,7,1,Demolition
489,39,29.999999999999982,7,1,Demolition
490,0,25.0,0,0,Demolition
491,1,25.0,0,0,Demolition
492,2,29.1455588268693,0,0,Demolition
493,3,29.85398605633181,0,0,Demolition
494,4,29.975047934935745,1,0,Demolition
495,5,29.99573598565089,1,0,Demolition
496,6,29.99927133011546,1,0,Demolition
497,7,29.9998754788898,1,0,Demolition
498,8,29.999978720807302,1,0,Demolition
499,9,29.999996363636328,1,0,Demolition
500,10,29.99999937858823,1,0,Demolition
501,11,29.99999989380804,1,0,Demolition
502,12,29.99999998185304,1,0,Demolition
503,13,29.9999999968989,1,0,Demolition
504,14,29.99999999947006,2,0,Demolition
505,15,29.99999999990944,3,0,Demolition
506,16,29.999999999984524,3,0,Demolition
507,17,29.99999999999736,3,0,Demolition
508,18,29.99999999999955,3,0,Demolition
509,19,29.99999999999992,3,0,Demolition
510,20,29.999999999999982,3,0,Demolition
511,21,29.999999999999982,4,0,Demolition
512,22,29.999999999999982,5,0,Demolition
513,23,29.999999999999982,5,0,Demolition
514,24,29.999999999999982,5,0,Demolition
515,25,29.999999999999982,5,0,Demolition
516,26,29.999999999999982,5,0,Demolition
517,27,29.999999999999982,5,0,Demolition
518,28,29.999999999999982,5,0,Demolition
519,29,29.999999999999982,6,0,Demolition
520,30,29.999999999999982,7,0,Demolition
521,31,29.999999999999982,8,0,Demolition
522,32,29.999999999999982,8,0,Demolition
523,33,29.999999999999982,8,0,Demolition
524,34,29.999999999999982,8,0,Demolition
525,35,29.999999999999982,8,0,Demolition
526,36,29.999999999999982,8,0,Demolition
527,37,29.999999999999982,8,0,Demolition
528,38,29.999999999999982,8,0,Demolition
529,39,29.999999999999982,8,0,Demolition
530,0,25.0,0,0,Demolition
531,1,25.0,0,0,Demolition
532,2,28.05127828435527,0,0,Demolition
533,3,29.66698638623585,0,0,Demolition
534,4,29.943091891437373,0,0,Demolition
535,5,29.99027507379182,1,0,Demolition
536,6,29.998338124528413,2,0,Demolition
537,7,29.99971600503449,2,0,Demolition
538,8,29.9999514686017,2,0,Demolition
539,9,29.999991706555026,2,0,Demolition
540,10,29.99999858274783,2,0,Demolition
541,11,29.99999975780828,2,0,Demolition
542,12,29.99999995861228,2,0,Demolition
543,13,29.99999999292733,2,0,Demolition
544,14,29.999999998791367,3,0,Demolition
545,15,29.999999999793456,3,0,Demolition
546,16,29.999999999964707,3,0,Demolition
547,17,29.999999999993967,4,0,Demolition
548,18,29.99999999999897,5,0,Demolition
549,19,29.999999999999822,5,0,Demolition
550,20,29.999999999999968,5,0,Demolition
551,21,29.999999999999982,5,0,Demolition
552,22,29.999999999999982,5,0,Demolition
553,23,29.999999999999982,6,0,Demolition
554,24,29.999999999999982,6,0,Demolition
555,25,29.999999999999982,6,0,Demolition
556,26,29.999999999999982,6,0,Demolition
557,27,29.999999999999982,6,0,Demolition
558,28,29.999999999999982,7,0,Demolition
559,29,29.999999999999982,7,0,Demolition
560,30,29.999999999999982,7,0,Demolition
561,31,29.999999999999982,8,0,Demolition
562,32,29.999999999999982,8,0,Demolition
563,33,29.999999999999982,8,0,Demolition
564,34,29.999999999999982,8,0,Demolition
565,35,29.999999999999982,8,0,Demolition
566,36,29.999999999999982,8,0,Demolition
567,37,29.999999999999982,9,0,Demolition
568,38,29.999999999999982,9,0,Demolition
569,39,29.999999999999982,9,0,Demolition
570,0,25.0,0,1,Demolition
571,1,25.0,0,2,Demolition
572,2,25.0,0,2,Demolition
573,3,25.0,0,2,Demolition
574,4,25.0,1,2,Demolition
575,5,25.0,1,2,Demolition
576,6,25.0,1,2,Demolition
577,7,25.0,1,2,Demolition
578,8,29.1455588268693,1,2,Demolition
579,9,29.85398605633181,1,2,Demolition
580,10,29.975047934935745,2,2,Demolition
581,11,29.99573598565089,2,2,Demolition
582,12,29.99927133011546,2,2,Demolition
583,13,29.9998754788898,2,2,Demolition
584,14,29.999978720807302,2,2,Demolition
585,15,29.999996363636328,2,2,Demolition
586,16,29.99999937858823,3,2,Demolition
587,17,29.99999989380804,3,2,Demolition
588,18,29.99999998185304,3,2,Demolition
589,19,29.9999999968989,3,2,Demolition
590,20,29.99999999947006,3,2,Demolition
591,21,29.99999999990944,3,2,Demolition
592,22,29.999999999984524,3,2,Demolition
593,23,29.99999999999736,4,2,Demolition
594,24,29.99999999999955,5,2,Demolition
595,25,29.99999999999992,5,2,Demolition
596,26,29.999999999999982,5,2,Demolition
597,27,29.999999999999982,5,2,Demolition
598,28,29.999999999999982,5,2,Demolition
599,29,29.999999999999982,5,2,Demolition
600,30,29.999999999999982,6,2,Demolition
601,31,29.999999999999982,7,2,Demolition
602,32,29.999999999999982,7,2,Demolition
603,33,29.999999999999982,7,2,Demolition
604,34,29.999999999999982,7,2,Demolition
605,35,29.999999999999982,7,2,Demolition
606,36,29.999999999999982,7,2,Demolition
607,37,29.999999999999982,7,2,Demolition
608,38,29.999999999999982,8,2,Demolition
609,39,29.999999999999982,8,2,Demolition
610,0,25.0,0,0,Demolition
611,1,29.1455588268693,0,0,Demolition
612,2,29.85398605633181,0,0,Demolition
613,3,29.975047934935745,0,0,Demolition
614,4,29.99573598565089,0,0,Demolition
615,5,29.99927133011546,1,0,Demolition
616,6,29.9998754788898,1,0,Demolition
617,7,29.999978720807302,2,0,Demolition
618,8,29.999996363636328,2,0,Demolition
619,9,29.99999937858823,2,0,Demolition
620,10,29.99999989380804,2,0,Demolition
621,11,29.99999998185304,2,0,Demolition
622,12,29.9999999968989,3,0,Demolition
623,13,29.99999999947006,4,0,Demolition
624,14,29.99999999990944,4,0,Demolition
625,15,29.999999999984524,4,0,Demolition
626,16,29.99999999999736,4,0,Demolition
627,17,29.99999999999955,4,0,Demolition
628,18,29.99999999999992,4,0,Demolition
629,19,29.999999999999982,4,0,Demolition
630,20,29.999999999999982,5,0,Demolition
631,21,29.999999999999982,6,0,Demolition
632,22,29.999999999999982,7,0,Demolition
633,23,29.999999999999982,7,0,Demolition
634,24,29.999999999999982,7,0,Demolition
635,25,29.999999999999982,7,0,Demolition
636,26,29.999999999999982,7,0,Demolition
637,27,29.999999999999982,7,0,Demolition
638,28,29.999999999999982,7,0,Demolition
639,29,29.999999999999982,7,0,Demolition
640,30,29.999999999999982,8,0,Demolition
641,31,29.999999999999982,8,0,Demolition
642,32,29.999999999999982,9,0,Demolition
643,33,29.999999999999982,9,0,Demolition
644,34,29.999999999999982,9,0,Demolition
645,35,29.999999999999982,9,0,Demolition
646,36,29.999999999999982,9,0,Demolition
647,37,29.999999999999982,9,0,Demolition
648,38,29.999999999999982,9,0,Demolition
649,39,29.999999999999982,10,0,Demolition
650,0,25.0,0,1,Demolition
651,1,25.0,0,1,Demolition
652,2,25.0,0,1,Demolition
653,3,25.0,0,1,Demolition
654,4,25.0,0,1,Demolition
655,5,25.0,0,1,Demolition
656,6,25.0,0,1,Demolition
657,7,25.0,0,1,Demolition
658,8,25.0,0,1,Demolition
659,9,25.0,0,1,Demolition
660,10,27.225355213466784,0,1,Demolition
661,11,29.52584585071472,0,1,Demolition
662,12,29.91897263448798,0,1,Demolition
663,13,29.986153376551243,0,1,Demolition
664,14,29.997633774963308,0,1,Demolition
665,15,29.999595639980747,0,1,Demolition
666,16,29.999930899630154,0,1,Demolition
667,17,29.999988191559787,1,1,Demolition
668,18,29.999997982076497,1,1,Demolition
669,19,29.99999965516061,1,1,Demolition
670,20,29.999999941071003,1,1,Demolition
671,21,29.999999989929726,1,1,Demolition
672,22,29.99999999827911,1,1,Demolition
673,23,29.99999999970592,1,1,Demolition
674,24,29.999999999949747,2,1,Demolition
675,25,29.99999999999141,3,1,Demolition
676,26,29.999999999998533,3,1,Demolition
677,27,29.99999999999975,3,1,Demolition
678,28,29.99999999999996,3,1,Demolition
679,29,29.999999999999982,3,1,Demolition
680,30,29.999999999999982,3,1,Demolition
681,31,29.999999999999982,4,1,Demolition
682,32,29.999999999999982,5,1,Demolition
683,33,29.999999999999982,6,1,Demolition
684,34,29.999999999999982,6,1,Demolition
685,35,29.999999999999982,6,1,Demolition
686,36,29.999999999999982,6,1,Demolition
687,37,29.999999999999982,6,1,Demolition
688,38,29.999999999999982,6,1,Demolition
689,39,29.999999999999982,6,1,Demolition
690,0,25.0,0,1,Demolition
691,1,26.488340192043896,0,1,Demolition
692,2,29.39989865481081,0,1,Demolition
693,3,29.897449740523847,0,1,Demolition
694,4,29.98247536719767,0,1,Demolition
695,5,29.997005246437936,0,1,Demolition
696,6,29.999488231850638,1,1,Demolition
697,7,29.999912544844413,2,1,Demolition
698,8,29.99998505494285,2,1,Demolition
699,9,29.999997446065567,2,1,Demolition
700,10,29.999999563562653,2,1,Demolition
701,11,29.99999992541799,2,1,Demolition
702,12,29.99999998725481,2,1,Demolition
703,13,29.999999997822,2,1,Demolition
704,14,29.999999999627804,2,1,Demolition
705,15,29.9999999999364,2,1,Demolition
706,16,29.99999999998913,2,1,Demolition
707,17,29.999999999998145,2,1,Demolition
708,18,29.999999999999684,3,1,Demolition
709,19,29.999999999999943,4,1,Demolition
710,20,29.999999999999982,4,1,Demolition
711,21,29.999999999999982,4,1,Demolition
712,22,29.999999999999982,4,1,Demolition
713,23,29.999999999999982,4,1,Demolition
714,24,29.999999999999982,4,1,Demolition
715,25,29.999999999999982,4,1,Demolition
716,26,29.999999999999982,4,1,Demolition
717,27,29.999999999999982,5,1,Demolition
718,28,29.999999999999982,6,2,Demolition
719,29,29.999999999999982,6,2,Demolition
720,30,29.999999999999982,6,2,Demolition
721,31,29.999999999999982,6,2,Demolition
722,32,29.999999999999982,6,2,Demolition
723,33,29.999999999999982,6,2,Demolition
724,34,29.999999999999982,6,2,Demolition
725,35,29.999999999999982,7,2,Demolition
726,36,29.999999999999982,7,2,Demolition
727,37,29.999999999999982,7,2,Demolition
728,38,29.999999999999982,7,2,Demolition
729,39,29.999999999999982,7,2,Demolition
730,0,25.0,0,0,Demolition
731,1,29.1455588268693,0,0,Demolition
732,2,29.85398605633181,0,0,Demolition
733,3,29.975047934935745,0,0,Demolition
734,4,29.99573598565089,0,0,Demolition
735,5,29.99927133011546,0,0,Demolition
736,6,29.9998754788898,1,0,Demolition
737,7,29.999978720807302,1,0,Demolition
738,8,29.999996363636328,1,0,Demolition
739,9,29.99999937858823,1,0,Demolition
740,10,29.99999989380804,1,0,Demolition
741,11,29.99999998185304,1,0,Demolition
742,12,29.9999999968989,2,0,Demolition
743,13,29.99999999947006,3,0,Demolition
744,14,29.99999999990944,4,0,Demolition
745,15,29.999999999984524,5,0,Demolition
746,16,29.99999999999736,5,0,Demolition
747,17,29.99999999999955,5,0,Demolition
748,18,29.99999999999992,5,0,Demolition
749,19,29.999999999999982,5,0,Demolition
750,20,29.999999999999982,5,0,Demolition
751,21,29.999999999999982,6,0,Demolition
752,22,29.999999999999982,7,0,Demolition
753,23,29.999999999999982,7,0,Demolition
754,24,29.999999999999982,7,0,Demolition
755,25,29.999999999999982,7,0,Demolition
756,26,29.999999999999982,7,0,Demolition
757,27,29.999999999999982,7,0,Demolition
758,28,29.999999999999982,8,0,Demolition
759,29,29.999999999999982,9,0,Demolition
760,30,29.999999999999982,9,0,Demolition
761,31,29.999999999999982,9,0,Demolition
762,32,29.999999999999982,9,0,Demolition
763,33,29.999999999999982,9,0,Demolition
764,34,29.999999999999982,9,0,Demolition
765,35,29.999999999999982,9,0,Demolition
766,36,29.999999999999982,9,0,Demolition
767,37,29.999999999999982,10,0,Demolition
768,38,29.999999999999982,10,0,Demolition
769,39,29.999999999999982,10,0,Demolition
770,0,25.0,0,0,Demolition
771,1,29.1455588268693,0,0,Demolition
772,2,29.85398605633181,1,0,Demolition
773,3,29.975047934935745,2,0,Demolition
774,4,29.99573598565089,2,0,Demolition
775,5,29.99927133011546,2,0,Demolition
776,6,29.9998754788898,3,0,Demolition
777,7,29.999978720807302,3,0,Demolition
778,8,29.999996363636328,3,0,Demolition
779,9,29.99999937858823,3,0,Demolition
780,10,29.99999989380804,4,0,Demolition
781,11,29.99999998185304,4,0,Demolition
782,12,29.9999999968989,4,0,Demolition
783,13,29.99999999947006,4,0,Demolition
784,14,29.99999999990944,4,0,Demolition
785,15,29.999999999984524,4,0,Demolition
786,16,29.99999999999736,4,0,Demolition
787,17,29.99999999999955,4,0,Demolition
788,18,29.99999999999992,4,0,Demolition
789,19,29.999999999999982,4,0,Demolition
790,20,29.999999999999982,5,0,Demolition
791,21,29.999999999999982,6,0,Demolition
792,22,29.999999999999982,6,0,Demolition
793,23,29.999999999999982,6,0,Demolition
794,24,29.999999999999982,6,0,Demolition
795,25,29.999999999999982,6,0,Demolition
796,26,29.999999999999982,6,0,Demolition
797,27,29.999999999999982,6,0,Demolition
798,28,29.999999999999982,6,0,Demolition
799,29,29.999999999999982,7,0,Demolition
800,30,29.999999999999982,7,0,Demolition
801,31,29.999999999999982,7,0,Demolition
802,32,29.999999999999982,7,0,Demolition
803,33,29.999999999999982,7,0,Demolition
804,34,29.999999999999982,7,0,Demolition
805,35,29.999999999999982,8,0,Demolition
806,36,29.999999999999982,8,0,Demolition
807,37,29.999999999999982,9,0,Demolition
808,38,29.999999999999982,10,0,Demolition
809,39,29.999999999999982,10,0,Demolition
810,0,25.0,0,0,Nasty
811,1,25.0,0,0,Nasty
812,2,28.783422626538517,0,0,Nasty
813,3,29.79210124036306,0,0,Nasty
814,4,29.96447254798468,0,0,Nasty
815,5,29.99392877644434,1,0,Nasty
816,6,29.99896249932455,1,0,Nasty
817,7,29.999822703341145,2,0,Nasty
818,8,29.999969702086965,2,0,Nasty
819,9,29.999994822443128,2,0,Nasty
820,10,29.999999115216447,2,0,Nasty
821,11,29.999999848800897,3,1,Nasty
822,12,29.99999997416185,3,1,Nasty
823,13,29.999999995584567,3,1,Nasty
824,14,29.999999999245457,3,2,Nasty
825,15,29.999999999871054,3,2,Nasty
826,16,29.99999999997797,4,2,Nasty
827,17,29.999999999996238,5,2,Nasty
828,18,29.99999999999936,5,2,Nasty
829,19,29.99999999999989,5,2,Nasty
830,20,29.999999999999982,5,2,Nasty
831,21,29.999999999999982,6,3,Nasty
832,22,29.999999999999982,7,4,Nasty
833,23,29.999999999999982,8,4,Nasty
834,24,29.999999999999982,9,4,Nasty
835,25,29.999999999999982,9,4,Nasty
836,26,29.999999999999982,9,4,Nasty
837,27,29.999999999999982,9,4,Nasty
838,28,29.999999999999982,10,4,Nasty
839,29,29.999999999999982,10,4,Nasty
840,30,29.999999999999982,10,4,Nasty
841,31,29.999999999999982,10,4,Nasty
842,32,29.999999999999982,10,4,Nasty
843,33,29.999999999999982,10,4,Nasty
844,34,29.999999999999982,10,4,Nasty
845,35,29.999999999999982,10,4,Nasty
846,36,29.999999999999982,11,4,Nasty
847,37,29.999999999999982,11,4,Nasty
848,38,29.999999999999982,12,4,Nasty
849,39,29.999999999999982,12,4,Nasty
850,0,25.0,0,0,Nasty
851,1,25.0,0,0,Nasty
852,2,25.0,0,0,Nasty
853,3,25.0,0,0,Nasty
854,4,25.0,1,1,Nasty
855,5,25.0,2,1,Nasty
856,6,25.0,2,1,Nasty
857,7,25.0,2,1,Nasty
858,8,25.0,2,1,Nasty
859,9,25.0,2,1,Nasty
860,10,25.0,2,1,Nasty
861,11,26.049382716049383,3,1,Nasty
862,12,29.324885986662164,3,1,Nasty
863,13,29.88463095808933,3,1,Nasty
864,14,29.98028478809738,4,1,Nasty
865,15,29.99663090224268,4,1,Nasty
866,16,29.999424260831965,4,1,Nasty
867,17,29.99990161294997,4,1,Nasty
868,18,29.99998318681071,5,1,Nasty
869,19,29.999997126823764,5,1,Nasty
870,20,29.999999509007985,6,1,Nasty
871,21,29.99999991609524,7,1,Nasty
872,22,29.99999998566166,7,1,Nasty
873,23,29.99999999754975,7,1,Nasty
874,24,29.99999999958128,7,1,Nasty
875,25,29.99999999992845,8,1,Nasty
876,26,29.99999999998777,8,2,Nasty
877,27,29.99999999999791,8,2,Nasty
878,28,29.999999999999645,8,2,Nasty
879,29,29.999999999999936,8,2,Nasty
880,30,29.999999999999982,8,2,Nasty
881,31,29.999999999999982,8,2,Nasty
882,32,29.999999999999982,8,2,Nasty
883,33,29.999999999999982,9,2,Nasty
884,34,29.999999999999982,9,2,Nasty
885,35,29.999999999999982,9,2,Nasty
886,36,29.999999999999982,9,2,Nasty
887,37,29.999999999999982,10,2,Nasty
888,38,29.999999999999982,10,2,Nasty
889,39,29.999999999999982,11,2,Nasty
890,0,25.0,0,0,Nasty
891,1,29.1455588268693,0,0,Nasty
892,2,29.85398605633181,0,0,Nasty
893,3,29.975047934935745,1,0,Nasty
894,4,29.99573598565089,1,1,Nasty
895,5,29.99927133011546,1,1,Nasty
896,6,29.9998754788898,1,1,Nasty
897,7,29.999978720807302,1,1,Nasty
898,8,29.999996363636328,1,1,Nasty
899,9,29.99999937858823,1,1,Nasty
900,10,29.99999989380804,1,1,Nasty
901,11,29.99999998185304,2,2,Nasty
902,12,29.9999999968989,3,2,Nasty
903,13,29.99999999947006,4,2,Nasty
904,14,29.99999999990944,4,2,Nasty
905,15,29.999999999984524,4,2,Nasty
906,16,29.99999999999736,4,2,Nasty
907,17,29.99999999999955,4,2,Nasty
908,18,29.99999999999992,4,2,Nasty
909,19,29.999999999999982,4,2,Nasty
910,20,29.999999999999982,4,2,Nasty
911,21,29.999999999999982,5,2,Nasty
912,22,29.999999999999982,5,2,Nasty
913,23,29.999999999999982,5,2,Nasty
914,24,29.999999999999982,6,2,Nasty
915,25,29.999999999999982,6,2,Nasty
916,26,29.999999999999982,7,2,Nasty
917,27,29.999999999999982,8,2,Nasty
918,28,29.999999999999982,8,2,Nasty
919,29,29.999999999999982,8,2,Nasty
920,30,29.999999999999982,8,2,Nasty
921,31,29.999999999999982,9,2,Nasty
922,32,29.999999999999982,10,2,Nasty
923,33,29.999999999999982,10,2,Nasty
924,34,29.999999999999982,11,2,Nasty
925,35,29.999999999999982,11,2,Nasty
926,36,29.999999999999982,11,2,Nasty
927,37,29.999999999999982,12,2,Nasty
928,38,29.999999999999982,12,2,Nasty
929,39,29.999999999999982,12,2,Nasty
930,0,25.0,0,0,Nasty
931,1,29.1455588268693,0,0,Nasty
932,2,29.85398605633181,0,0,Nasty
933,3,29.975047934935745,0,0,Nasty
934,4,29.99573598565089,1,0,Nasty
935,5,29.99927133011546,1,0,Nasty
936,6,29.9998754788898,1,0,Nasty
937,7,29.999978720807302,1,0,Nasty
938,8,29.999996363636328,2,0,Nasty
939,9,29.99999937858823,2,0,Nasty
940,10,29.99999989380804,3,0,Nasty
941,11,29.99999998185304,4,0,Nasty
942,12,29.9999999968989,5,0,Nasty
943,13,29.99999999947006,5,0,Nasty
944,14,29.99999999990944,5,0,Nasty
945,15,29.999999999984524,5,0,Nasty
946,16,29.99999999999736,5,0,Nasty
947,17,29.99999999999955,6,0,Nasty
948,18,29.99999999999992,7,1,Nasty
949,19,29.999999999999982,7,1,Nasty
950,20,29.999999999999982,8,1,Nasty
951,21,29.999999999999982,9,1,Nasty
952,22,29.999999999999982,9,1,Nasty
953,23,29.999999999999982,9,1,Nasty
954,24,29.999999999999982,9,1,Nasty
955,25,29.999999999999982,9,1,Nasty
956,26,29.999999999999982,10,1,Nasty
957,27,29.999999999999982,10,1,Nasty
958,28,29.999999999999982,10,1,Nasty
959,29,29.999999999999982,10,1,Nasty
960,30,29.999999999999982,10,1,Nasty
961,31,29.999999999999982,11,1,Nasty
962,32,29.999999999999982,11,1,Nasty
963,33,29.999999999999982,11,1,Nasty
964,34,29.999999999999982,11,1,Nasty
965,35,29.999999999999982,11,1,Nasty
966,36,29.999999999999982,11,1,Nasty
967,37,29.999999999999982,11,1,Nasty
968,38,29.999999999999982,12,1,Nasty
969,39,29.999999999999982,12,1,Nasty
970,0,25.0,0,1,Nasty
971,1,29.1455588268693,0,1,Nasty
972,2,29.85398605633181,0,1,Nasty
973,3,29.975047934935745,0,1,Nasty
974,4,29.99573598565089,1,1,Nasty
975,5,29.99927133011546,2,1,Nasty
976,6,29.9998754788898,2,2,Nasty
977,7,29.999978720807302,2,2,Nasty
978,8,29.999996363636328,2,2,Nasty
979,9,29.99999937858823,2,2,Nasty
980,10,29.99999989380804,2,2,Nasty
981,11,29.99999998185304,2,2,Nasty
982,12,29.9999999968989,3,2,Nasty
983,13,29.99999999947006,4,2,Nasty
984,14,29.99999999990944,4,3,Nasty
985,15,29.999999999984524,5,3,Nasty
986,16,29.99999999999736,6,3,Nasty
987,17,29.99999999999955,6,3,Nasty
988,18,29.99999999999992,7,3,Nasty
989,19,29.999999999999982,7,3,Nasty
990,20,29.999999999999982,8,3,Nasty
991,21,29.999999999999982,8,3,Nasty
992,22,29.999999999999982,8,3,Nasty
993,23,29.999999999999982,8,4,Nasty
994,24,29.999999999999982,8,4,Nasty
995,25,29.999999999999982,8,4,Nasty
996,26,29.999999999999982,8,4,Nasty
997,27,29.999999999999982,8,4,Nasty
998,28,29.999999999999982,8,4,Nasty
999,29,29.999999999999982,8,4,Nasty
1000,30,29.999999999999982,8,4,Nasty
1001,31,29.999999999999982,9,4,Nasty
1002,32,29.999999999999982,9,4,Nasty
1003,33,29.999999999999982,9,4,Nasty
1004,34,29.999999999999982,9,4,Nasty
1005,35,29.999999999999982,9,4,Nasty
1006,36,29.999999999999982,10,4,Nasty
1007,37,29.999999999999982,10,5,Nasty
1008,38,29.999999999999982,10,5,Nasty
1009,39,29.999999999999982,10,5,Nasty
1010,0,25.0,0,1,Nasty
1011,1,25.0,0,1,Nasty
1012,2,28.05127828435527,0,1,Nasty
1013,3,29.66698638623585,0,1,Nasty
1014,4,29.943091891437373,0,1,Nasty
1015,5,29.99027507379182,0,1,Nasty
1016,6,29.998338124528413,0,2,Nasty
1017,7,29.99971600503449,1,2,Nasty
1018,8,29.9999514686017,1,2,Nasty
1019,9,29.999991706555026,1,2,Nasty
1020,10,29.99999858274783,1,2,Nasty
1021,11,29.99999975780828,1,2,Nasty
1022,12,29.99999995861228,2,2,Nasty
1023,13,29.99999999292733,2,2,Nasty
1024,14,29.999999998791367,2,2,Nasty
1025,15,29.999999999793456,2,3,Nasty
1026,16,29.999999999964707,3,4,Nasty
1027,17,29.999999999993967,3,4,Nasty
1028,18,29.99999999999897,4,4,Nasty
1029,19,29.999999999999822,4,4,Nasty
1030,20,29.999999999999968,4,5,Nasty
1031,21,29.999999999999982,5,5,Nasty
1032,22,29.999999999999982,5,5,Nasty
1033,23,29.999999999999982,5,5,Nasty
1034,24,29.999999999999982,5,5,Nasty
1035,25,29.999999999999982,5,5,Nasty
1036,26,29.999999999999982,5,5,Nasty
1037,27,29.999999999999982,6,5,Nasty
1038,28,29.999999999999982,6,6,Nasty
1039,29,29.999999999999982,7,6,Nasty
1040,30,29.999999999999982,8,7,Nasty
1041,31,29.999999999999982,8,7,Nasty
1042,32,29.999999999999982,8,7,Nasty
1043,33,29.999999999999982,8,7,Nasty
1044,34,29.999999999999982,8,7,Nasty
1045,35,29.999999999999982,8,7,Nasty
1046,36,29.999999999999982,8,7,Nasty
1047,37,29.999999999999982,9,8,Nasty
1048,38,29.999999999999982,9,8,Nasty
1049,39,29.999999999999982,10,8,Nasty
1050,0,25.0,0,0,Nasty
1051,1,27.53364907863714,0,0,Nasty
1052,2,29.578529645079747,0,0,Nasty
1053,3,29.927975675100427,0,0,Nasty
1054,4,29.98769189026777,1,0,Nasty
1055,5,29.997896688856272,2,0,Nasty
1056,6,29.999640568871776,2,0,Nasty
1057,7,29.999938577449026,2,0,Nasty
1058,8,29.9999895036087,3,0,Nasty
1059,9,29.99999820629022,4,1,Nasty
1060,10,29.999999693476106,4,1,Nasty
1061,11,29.99999994761867,4,2,Nasty
1062,12,29.999999991048647,4,2,Nasty
1063,13,29.99999999847032,4,2,Nasty
1064,14,29.99999999973859,5,2,Nasty
1065,15,29.99999999995533,6,2,Nasty
1066,16,29.999999999992365,6,2,Nasty
1067,17,29.999999999998696,6,2,Nasty
1068,18,29.99999999999978,6,2,Nasty
1069,19,29.99999999999996,6,2,Nasty
1070,20,29.999999999999982,6,2,Nasty
1071,21,29.999999999999982,6,2,Nasty
1072,22,29.999999999999982,7,2,Nasty
1073,23,29.999999999999982,7,2,Nasty
1074,24,29.999999999999982,7,2,Nasty
1075,25,29.999999999999982,7,2,Nasty
1076,26,29.999999999999982,7,2,Nasty
1077,27,29.999999999999982,7,2,Nasty
1078,28,29.999999999999982,7,2,Nasty
1079,29,29.999999999999982,7,3,Nasty
1080,30,29.999999999999982,8,4,Nasty
1081,31,29.999999999999982,8,4,Nasty
1082,32,29.999999999999982,8,4,Nasty
1083,33,29.999999999999982,9,5,Nasty
1084,34,29.999999999999982,9,5,Nasty
1085,35,29.999999999999982,10,5,Nasty
1086,36,29.999999999999982,10,5,Nasty
1087,37,29.999999999999982,10,5,Nasty
1088,38,29.999999999999982,10,5,Nasty
1089,39,29.999999999999982,11,6,Nasty
1090,0,25.0,0,1,Nasty
1091,1,29.1455588268693,0,1,Nasty
1092,2,29.85398605633181,0,2,Nasty
1093,3,29.975047934935745,1,2,Nasty
1094,4,29.99573598565089,2,2,Nasty
1095,5,29.99927133011546,2,2,Nasty
1096,6,29.9998754788898,2,2,Nasty
1097,7,29.999978720807302,2,2,Nasty
1098,8,29.999996363636328,3,2,Nasty
1099,9,29.99999937858823,4,2,Nasty
1100,10,29.99999989380804,4,2,Nasty
1101,11,29.99999998185304,5,2,Nasty
1102,12,29.9999999968989,6,2,Nasty
1103,13,29.99999999947006,7,2,Nasty
1104,14,29.99999999990944,7,2,Nasty
1105,15,29.999999999984524,7,2,Nasty
1106,16,29.99999999999736,7,2,Nasty
1107,17,29.99999999999955,8,2,Nasty
1108,18,29.99999999999992,9,2,Nasty
1109,19,29.999999999999982,10,2,Nasty
1110,20,29.999999999999982,10,3,Nasty
1111,21,29.999999999999982,10,3,Nasty
1112,22,29.999999999999982,11,3,Nasty
1113,23,29.999999999999982,11,4,Nasty
1114,24,29.999999999999982,11,4,Nasty
1115,25,29.999999999999982,11,4,Nasty
1116,26,29.999999999999982,11,4,Nasty
1117,27,29.999999999999982,11,4,Nasty
1118,28,29.999999999999982,12,5,Nasty
1119,29,29.999999999999982,13,5,Nasty
1120,30,29.999999999999982,13,5,Nasty
1121,31,29.999999999999982,13,5,Nasty
1122,32,29.999999999999982,14,5,Nasty
1123,33,29.999999999999982,15,5,Nasty
1124,34,29.999999999999982,16,5,Nasty
1125,35,29.999999999999982,16,5,Nasty
1126,36,29.999999999999982,16,5,Nasty
1127,37,29.999999999999982,16,5,Nasty
1128,38,29.999999999999982,16,6,Nasty
1129,39,29.999999999999982,17,6,Nasty
1130,0,25.0,0,0,Nasty
1131,1,25.0,0,0,Nasty
1132,2,25.0,0,0,Nasty
1133,3,25.0,0,0,Nasty
1134,4,25.0,0,0,Nasty
1135,5,25.0,0,0,Nasty
1136,6,25.0,0,0,Nasty
1137,7,25.0,0,0,Nasty
1138,8,25.0,0,0,Nasty
1139,9,25.0,0,0,Nasty
1140,10,25.0,0,0,Nasty
1141,11,25.0,1,1,Nasty
1142,12,25.0,2,2,Nasty
1143,13,25.0,3,2,Nasty
1144,14,28.267802919426902,3,2,Nasty
1145,15,29.70398789887631,3,2,Nasty
1146,16,29.949415014611,3,2,Nasty
1147,17,29.991355621148287,3,2,Nasty
1148,18,29.998522777358588,3,2,Nasty
1149,19,29.999747560030656,4,3,Nasty
1150,20,29.99995686097929,4,3,Nasty
1151,21,29.999992628048908,4,3,Nasty
1152,22,29.99999874022029,5,3,Nasty
1153,23,29.99999978471847,5,3,Nasty
1154,24,29.99999996321092,5,3,Nasty
1155,25,29.999999993713185,5,3,Nasty
1156,26,29.99999999892566,6,3,Nasty
1157,27,29.999999999816406,6,3,Nasty
1158,28,29.99999999996863,7,3,Nasty
1159,29,29.99999999999464,7,3,Nasty
1160,30,29.999999999999083,7,3,Nasty
1161,31,29.999999999999844,7,3,Nasty
1162,32,29.99999999999997,7,3,Nasty
1163,33,29.999999999999982,8,3,Nasty
1164,34,29.999999999999982,9,3,Nasty
1165,35,29.999999999999982,10,3,Nasty
1166,36,29.999999999999982,10,3,Nasty
1167,37,29.999999999999982,10,3,Nasty
1168,38,29.999999999999982,10,3,Nasty
1169,39,29.999999999999982,11,3,Nasty
1170,0,25.0,0,0,Nasty
1171,1,29.1455588268693,0,0,Nasty
1172,2,29.85398605633181,0,0,Nasty
1173,3,29.975047934935745,1,1,Nasty
1174,4,29.99573598565089,1,1,Nasty
1175,5,29.99927133011546,1,1,Nasty
1176,6,29.9998754788898,1,1,Nasty
1177,7,29.999978720807302,2,1,Nasty
1178,8,29.999996363636328,2,1,Nasty
1179,9,29.99999937858823,2,1,Nasty
1180,10,29.99999989380804,2,1,Nasty
1181,11,29.99999998185304,2,1,Nasty
1182,12,29.9999999968989,2,1,Nasty
1183,13,29.99999999947006,2,1,Nasty
1184,14,29.99999999990944,2,1,Nasty
1185,15,29.999999999984524,3,1,Nasty
1186,16,29.99999999999736,4,2,Nasty
1187,17,29.99999999999955,5,2,Nasty
1188,18,29.99999999999992,6,2,Nasty
1189,19,29.999999999999982,6,2,Nasty
1190,20,29.999999999999982,6,3,Nasty
1191,21,29.999999999999982,6,3,Nasty
1192,22,29.999999999999982,6,3,Nasty
1193,23,29.999999999999982,6,3,Nasty
1194,24,29.999999999999982,6,4,Nasty
1195,25,29.999999999999982,7,4,Nasty
1196,26,29.999999999999982,8,4,Nasty
1197,27,29.999999999999982,9,4,Nasty
1198,28,29.999999999999982,9,4,Nasty
1199,29,29.999999999999982,9,4,Nasty
1200,30,29.999999999999982,9,4,Nasty
1201,31,29.999999999999982,9,4,Nasty
1202,32,29.999999999999982,9,4,Nasty
1203,33,29.999999999999982,10,5,Nasty
1204,34,29.999999999999982,11,6,Nasty
1205,35,29.999999999999982,12,6,Nasty
1206,36,29.999999999999982,12,6,Nasty
1207,37,29.999999999999982,12,6,Nasty
1208,38,29.999999999999982,12,6,Nasty
1209,39,29.999999999999982,12,6,Nasty
